,release_id,img_url,paid
0,28224904,https://i.discogs.com/hJK4uMyYWzeiTDFx4r0PetEXUQFIf3HYU9LV1TfiUOY/rs:fit/g:sm/q:90/h:337/w:600/czM6Ly9kaXNjb2dz/LWRhdGFiYXNlLWlt/YWdlcy9SLTI4MjI0/OTA0LTE2OTQzNjQw/MjktMzUwMC5qcGVn.jpeg,
1,23101979,https://i.discogs.com/25mZnTlJrNZTva49FYbOYNUV1KE60kgtBIgbrVnOg1A/rs:fit/g:sm/q:90/h:952/w:600/czM6Ly9kaXNjb2dz/LWRhdGFiYXNlLWlt/YWdlcy9SLTIzMTAx/OTc5LTE2NTQyMTIx/NjctMTg5Ny5qcGVn.jpeg,
2,12735208,https://i.discogs.com/LKOghplr125g86Y-3bTvTCE796cAomedTGY6MLuIyHQ/rs:fit/g:sm/q:90/h:536/w:600/czM6Ly9kaXNjb2dz/LWRhdGFiYXNlLWlt/YWdlcy9SLTEyNzM1/MjA4LTE1NTM5ODk1/MjMtMTE2Ni5qcGVn.jpeg,16.66
3,13855327,https://i.discogs.com/oEnudFpMSYGqodm2dqP6iD7eR4RSH8QI_UYk4paNu9U/rs:fit/g:sm/q:90/h:600/w:600/czM6Ly9kaXNjb2dz/LWRhdGFiYXNlLWlt/YWdlcy9SLTEzODU1/MzI3LTE1NjI3ODYw/NTQtOTQ4NS5qcGVn.jpeg,
4,1412631,https://i.discogs.com/MIduEvgrABJOc7Cwy5bYQU22XJBxZN1KGWiTthKjU94/rs:fit/g:sm/q:90/h:266/w:400/czM6Ly9kaXNjb2dz/LWRhdGFiYXNlLWlt/YWdlcy9SLTE0MTI2/MzEtMTIxNzUzMjU5/OC5qcGVn.jpeg,
5,16101542,https://i.discogs.com/DAYrXv7bX59YVxgPgjEgszDa0kdetH0SBRyVZvgmRU4/rs:fit/g:sm/q:90/h:600/w:600/czM6Ly9kaXNjb2dz/LWRhdGFiYXNlLWlt/YWdlcy9SLTE2MTAx/NTQyLTE2MDM2MzY5/MTMtNjcwNi5qcGVn.jpeg,26.5
6,28476079,https://i.discogs.com/nBcdpCRIzkZdApEA6173V3TnvI7Zus8JYHhg4zqdHbE/rs:fit/g:sm/q:90/h:561/w:600/czM6Ly9kaXNjb2dz/LWRhdGFiYXNlLWlt/YWdlcy9SLTI4NDc2/MDc5LTE2OTYyNjQ3/NDItNjM0NC5qcGVn.jpeg,
7,15551465,https://i.discogs.com/sVsU8HWmBC5YH_mA5pqAiUZs24M940eXal9VwMuesOA/rs:fit/g:sm/q:90/h:595/w:600/czM6Ly9kaXNjb2dz/LWRhdGFiYXNlLWlt/YWdlcy9SLTE1NTUx/NDY1LTE2MTc4MTYz/MTUtNzczMy5qcGVn.jpeg,
8,27295887,https://i.discogs.com/TVV7pCmZkby3vuqfU0HEBEgtg2d-vb1ySqv4hlSOF80/rs:fit/g:sm/q:90/h:600/w:600/czM6Ly9kaXNjb2dz/LWRhdGFiYXNlLWlt/YWdlcy9SLTI3Mjk1/ODg3LTE2ODU5ODE1/MTEtNzU2NS5qcGVn.jpeg,7.5
9,13483456,https://i.discogs.com/ott7w2hnkbfujJ2WAhO_miTGS5uX8M8cuQaTFMFc4Co/rs:fit/g:sm/q:90/h:600/w:600/czM6Ly9kaXNjb2dz/LWRhdGFiYXNlLWlt/YWdlcy9SLTEzNDgz/NDU2LTE1NTkwNDYz/OTgtNDI0OS5qcGVn.jpeg,17.99
10,19271368,https://i.discogs.com/OLTqIqki9BMVZpjYGg47WmI5JX_n2YLBBFD_SpvGtEU/rs:fit/g:sm/q:90/h:600/w:600/czM6Ly9kaXNjb2dz/LWRhdGFiYXNlLWlt/YWdlcy9SLTE5Mjcx/MzY4LTE2MjUwOTA0/MTgtOTMzOC5qcGVn.jpeg,29.95
11,23927387,https://i.discogs.com/Q9V91Wh4aovbAqPSXmUryBSkg_NGweOUfB8SF9kczMw/rs:fit/g:sm/q:90/h:955/w:600/czM6Ly9kaXNjb2dz/LWRhdGFiYXNlLWlt/YWdlcy9SLTIzOTI3/Mzg3LTE2NTgxNzky/ODEtMTQwNy5qcGVn.jpeg,
12,15663123,https://i.discogs.com/GNkB-som-1YbPTWCnvbGMws_bYxNGFDEMY1Gp4wNn4Q/rs:fit/g:sm/q:90/h:947/w:600/czM6Ly9kaXNjb2dz/LWRhdGFiYXNlLWlt/YWdlcy9SLTE1NjYz/MTIzLTE1OTU0ODA2/MzctMzU4NS5qcGVn.jpeg,
13,15331633,https://i.discogs.com/RGFKNVvxP19ao_eCwLN1qFU280RnU38LgHZepACYYWs/rs:fit/g:sm/q:90/h:592/w:600/czM6Ly9kaXNjb2dz/LWRhdGFiYXNlLWlt/YWdlcy9SLTE1MzMx/NjMzLTE1OTg1Mzk0/NjAtODc2NC5qcGVn.jpeg,23.99
14,27784422,https://i.discogs.com/zpUFQfuAa8va1PayRxtU5DW0IkZqeZMntotKM1v1o7Y/rs:fit/g:sm/q:90/h:914/w:600/czM6Ly9kaXNjb2dz/LWRhdGFiYXNlLWlt/YWdlcy9SLTI3Nzg0/NDIyLTE2OTAzNDc0/MDctNzkxOC5qcGVn.jpeg,
15,3631225,https://i.discogs.com/d0ChSZkvEaWQldVYUsRbeQC-RpMhopYBVtJCi5vrBXw/rs:fit/g:sm/q:90/h:350/w:350/czM6Ly9kaXNjb2dz/LWRhdGFiYXNlLWlt/YWdlcy9SLTM2MzEy/MjUtMTMzODExNzM3/OC03MjA3LmpwZWc.jpeg,1.0
16,21620947,https://i.discogs.com/DZSF0NonhxgC2WmPe3GXCHs2PkIxhnHOp1SkOnKch5E/rs:fit/g:sm/q:90/h:300/w:400/czM6Ly9kaXNjb2dz/LWRhdGFiYXNlLWlt/YWdlcy9SLTIxNjIw/OTQ3LTE2NDE0MzEy/ODYtNTAxOC5qcGVn.jpeg,
17,4710930,https://i.discogs.com/IbWKNzlo16w5obIn_A7nBM0xLaYeu3fX__pb7s2F0cU/rs:fit/g:sm/q:90/h:200/w:200/czM6Ly9kaXNjb2dz/LWRhdGFiYXNlLWlt/YWdlcy9SLTQ3MTA5/MzAtMTM3MzAzMDQ3/My02ODAyLmpwZWc.jpeg,5.0
18,4491372,https://i.discogs.com/9chVP-Ud9tHRHaKT2Af2vB1uWTvH6eRTc_Bvz7us6_M/rs:fit/g:sm/q:90/h:337/w:600/czM6Ly9kaXNjb2dz/LWRhdGFiYXNlLWlt/YWdlcy9SLTQ0OTEz/NzItMTQzOTM4Njc4/NC0xNTY1LmpwZWc.jpeg,
19,28226179,https://i.discogs.com/7YDdTVbH-y9NW81SQ8Wfk2zKdtZQVum_SmYKAazwunU/rs:fit/g:sm/q:90/h:600/w:600/czM6Ly9kaXNjb2dz/LWRhdGFiYXNlLWlt/YWdlcy9SLTI4MjI2/MTc5LTE2OTQzNzMx/OTEtMTY5Mi5qcGVn.jpeg,
20,24405602,,
21,24293543,https://i.discogs.com/uN8BIjGBYbjVfHTeBZ2SKKQ0F2ZwdZyXWAUjJMLjo5Q/rs:fit/g:sm/q:90/h:600/w:600/czM6Ly9kaXNjb2dz/LWRhdGFiYXNlLWlt/YWdlcy9SLTI0Mjkz/NTQzLTE2NjY2NjM4/NjAtNTE1NS5qcGVn.jpeg,
22,3427266,https://i.discogs.com/RRnnhosaElkMFmvnc2KEOhS8XYbCYZAr146LZ5URtiw/rs:fit/g:sm/q:90/h:597/w:600/czM6Ly9kaXNjb2dz/LWRhdGFiYXNlLWlt/YWdlcy9SLTM0Mjcy/NjYtMTY3ODY4OTA3/My03MDEzLmpwZWc.jpeg,
23,24554213,https://i.discogs.com/2Fi4P2-6O5tJc8fNUnkltdymfva6cls7ugLXqqcj3UI/rs:fit/g:sm/q:90/h:530/w:600/czM6Ly9kaXNjb2dz/LWRhdGFiYXNlLWlt/YWdlcy9SLTI0NTU0/MjEzLTE2NjM1MTA0/ODMtNjg0Mi5qcGVn.jpeg,
24,3545498,https://i.discogs.com/kiYIg9wYYQF0YhGxAuZFVu9ZVMsoQJO3skF-XirNfKI/rs:fit/g:sm/q:90/h:300/w:300/czM6Ly9kaXNjb2dz/LWRhdGFiYXNlLWlt/YWdlcy9SLTM1NDU0/OTgtMTMzNDczOTYy/MC5qcGVn.jpeg,
25,15767457,https://i.discogs.com/UCKdQEixCYJp-tAEYi1ODA9cbaq2nBoLj9xkduUlpDY/rs:fit/g:sm/q:90/h:600/w:600/czM6Ly9kaXNjb2dz/LWRhdGFiYXNlLWlt/YWdlcy9SLTE1NzY3/NDU3LTE1OTc0MjMx/OTItMzA5NC5qcGVn.jpeg,18.84
26,24958474,https://i.discogs.com/YXxSpgewygUnYaBnYqS-FHQI95pFXPZvsIzlDbTQjxg/rs:fit/g:sm/q:90/h:600/w:600/czM6Ly9kaXNjb2dz/LWRhdGFiYXNlLWlt/YWdlcy9SLTI0OTU4/NDc0LTE2NjY4MzIw/NTctMzExNC5qcGVn.jpeg,
27,21846487,https://i.discogs.com/gAmEtJjnN3fPU6YpVBP5fl59chVi7VcNalo8HHJBYV8/rs:fit/g:sm/q:90/h:909/w:600/czM6Ly9kaXNjb2dz/LWRhdGFiYXNlLWlt/YWdlcy9SLTIxODQ2/NDg3LTE2NDI4NzQ2/NDgtMTE3OS5wbmc.jpeg,
28,24663209,https://i.discogs.com/VeTsFMLBdGKjMdxo1aMqkp-SKTyzWvHGdcjEPtb6IHQ/rs:fit/g:sm/q:90/h:593/w:600/czM6Ly9kaXNjb2dz/LWRhdGFiYXNlLWlt/YWdlcy9SLTI0NjYz/MjA5LTE2NjQ0MzEw/NTUtMzIxMC5qcGVn.jpeg,6.5
29,23413859,https://i.discogs.com/5wbMT6phQL97tYjbmaG32Yy2L_G5SBGklQgAxFvasQU/rs:fit/g:sm/q:90/h:450/w:600/czM6Ly9kaXNjb2dz/LWRhdGFiYXNlLWlt/YWdlcy9SLTIzNDEz/ODU5LTE2NjE2NDY2/NTQtNjUzNi5qcGVn.jpeg,
30,14691829,https://i.discogs.com/wIASRGnf_ImPmgD5yJwWkrtcNkiyzMlGMCKQ5I2f7L0/rs:fit/g:sm/q:90/h:600/w:600/czM6Ly9kaXNjb2dz/LWRhdGFiYXNlLWlt/YWdlcy9SLTE0Njkx/ODI5LTE1ODA1NjI0/NTUtMjcyNS5qcGVn.jpeg,19.99
31,2512279,https://i.discogs.com/F01UygpavZX_NbH0ABA9aiFFnxBYooCRKxT8BYNMZAI/rs:fit/g:sm/q:90/h:555/w:600/czM6Ly9kaXNjb2dz/LWRhdGFiYXNlLWlt/YWdlcy9SLTI1MTIy/NzktMTI4ODM2OTQ4/NS5qcGVn.jpeg,
32,22426726,https://i.discogs.com/DtXcC8tYZag0iVjJ_BScQcrSYAOiXaXVHrhZnBmuK4Q/rs:fit/g:sm/q:90/h:600/w:600/czM6Ly9kaXNjb2dz/LWRhdGFiYXNlLWlt/YWdlcy9SLTIyNDI2/NzI2LTE2NDg1NDM0/ODItODU5OC5wbmc.jpeg,
33,19527991,https://i.discogs.com/vhZubVC-ur0YPxTfQaJU6dr5a1ykT6aIMGS0lLX0ETc/rs:fit/g:sm/q:90/h:600/w:600/czM6Ly9kaXNjb2dz/LWRhdGFiYXNlLWlt/YWdlcy9SLTE5NTI3/OTkxLTE2MjY1Mzk0/NjEtNjMzNS5qcGVn.jpeg,
34,14760208,https://i.discogs.com/G2pznBu5xwDb5UzpXBKKkE9nl2R2R2TpWi02XpmcCXw/rs:fit/g:sm/q:90/h:597/w:600/czM6Ly9kaXNjb2dz/LWRhdGFiYXNlLWlt/YWdlcy9SLTE0NzYw/MjA4LTE1OTAwNzU1/MzMtODUxMC5qcGVn.jpeg,20.53
35,15514240,https://i.discogs.com/UIahAXz3Lsxv8m5_tUow9WdQdrdmNclisaMpada61eA/rs:fit/g:sm/q:90/h:595/w:600/czM6Ly9kaXNjb2dz/LWRhdGFiYXNlLWlt/YWdlcy9SLTE1NTE0/MjQwLTE1OTI4MTQ4/NjItMTUzNS5qcGVn.jpeg,
36,6158352,https://i.discogs.com/sFWXJASlP0muIVG-_V1OYaIlbk1WMN5fIp1FHec4UEY/rs:fit/g:sm/q:90/h:600/w:600/czM6Ly9kaXNjb2dz/LWRhdGFiYXNlLWlt/YWdlcy9SLTYxNTgz/NTItMTQxMjUzMDE1/OC01ODgxLmpwZWc.jpeg,5.0
37,18004795,https://i.discogs.com/bP7BDuY7OBy9rt0KFCFgAvbdphKzEm8r1Qc5R-HW8a8/rs:fit/g:sm/q:90/h:595/w:600/czM6Ly9kaXNjb2dz/LWRhdGFiYXNlLWlt/YWdlcy9SLTE4MDA0/Nzk1LTE2NDQzMjg1/NzAtOTc5Mi5qcGVn.jpeg,10.0
38,13563322,https://i.discogs.com/R6JFqNx24KFxXyAf3UjbBYC9SPx6jkZZ53xXcNc5lwA/rs:fit/g:sm/q:90/h:598/w:600/czM6Ly9kaXNjb2dz/LWRhdGFiYXNlLWlt/YWdlcy9SLTEzNTYz/MzIyLTE1NzQ1Mjk5/ODQtMTUwMy5qcGVn.jpeg,18.0
39,14293235,https://i.discogs.com/usY4GoaR0MB2BBmUSXv0VcTQ003tXjwGqelrDrojN6U/rs:fit/g:sm/q:90/h:600/w:600/czM6Ly9kaXNjb2dz/LWRhdGFiYXNlLWlt/YWdlcy9SLTE0Mjkz/MjM1LTE1NzE2MDY3/MTMtMTgyMi5qcGVn.jpeg,
40,2030462,https://i.discogs.com/D4VxmfcOyeznLBPMwEI8vlt5jiW1TiB4Jw-5v7V-BLg/rs:fit/g:sm/q:90/h:595/w:600/czM6Ly9kaXNjb2dz/LWRhdGFiYXNlLWlt/YWdlcy9SLTIwMzA0/NjItMTI1OTU5MDY4/NS5qcGVn.jpeg,
41,16366020,https://i.discogs.com/kYNsYXMslNC-_fj6x-B_1F1Lc9qjddXNx7f6cYDvPKo/rs:fit/g:sm/q:90/h:600/w:600/czM6Ly9kaXNjb2dz/LWRhdGFiYXNlLWlt/YWdlcy9SLTE2MzY2/MDIwLTE2MDcyOTc3/NDUtODEwMi5qcGVn.jpeg,28.0
42,17539465,https://i.discogs.com/CPRJF0aD--5QcT8US1eAUhuAcG55DiYxeTgZr1EPFUo/rs:fit/g:sm/q:90/h:600/w:600/czM6Ly9kaXNjb2dz/LWRhdGFiYXNlLWlt/YWdlcy9SLTE3NTM5/NDY1LTE2MTQwMjMx/MTAtODU1Mi5qcGVn.jpeg,20.0
43,15517682,https://i.discogs.com/cdX3ar-pNuyXAurzfGyN8p21JoKw_3qblW4lZ6VJpe4/rs:fit/g:sm/q:90/h:600/w:600/czM6Ly9kaXNjb2dz/LWRhdGFiYXNlLWlt/YWdlcy9SLTE1NTE3/NjgyLTE1OTM1NTU0/MTQtMTk3MC5qcGVn.jpeg,
44,21148975,https://i.discogs.com/PsqENqT778omKZZQJjtPMtVmj7m6_H4MkmANA7k-I98/rs:fit/g:sm/q:90/h:581/w:600/czM6Ly9kaXNjb2dz/LWRhdGFiYXNlLWlt/YWdlcy9SLTIxMTQ4/OTc1LTE2MzgwNjgx/NjMtNDQxMC5qcGVn.jpeg,
45,19916353,https://i.discogs.com/9iY_8S_xMn5bceGg4LC-j5-7nPowtw4vlY8NbabxpOo/rs:fit/g:sm/q:90/h:963/w:600/czM6Ly9kaXNjb2dz/LWRhdGFiYXNlLWlt/YWdlcy9SLTE5OTE2/MzUzLTE2NjM3MjYw/NjUtMzAyNS5qcGVn.jpeg,
46,21064909,https://i.discogs.com/O4dhjbdxActLHUly4HXF5O2HPVxk0kqyzmIUNL5U0Z8/rs:fit/g:sm/q:90/h:591/w:600/czM6Ly9kaXNjb2dz/LWRhdGFiYXNlLWlt/YWdlcy9SLTIxMDY0/OTA5LTE2Mzc0ODQ4/NjItNDE5MC5qcGVn.jpeg,
47,26352458,https://i.discogs.com/5FWlKF-J68KtBAqiSbUbP_pXmDdTCcTQEEZw63Djazo/rs:fit/g:sm/q:90/h:450/w:600/czM6Ly9kaXNjb2dz/LWRhdGFiYXNlLWlt/YWdlcy9SLTI2MzUy/NDU4LTE2NzgzMjEx/OTctNTQ0NS5qcGVn.jpeg,
48,25429897,https://i.discogs.com/WluTh18oPaSPZniVWYxfyhJB5tYKlp5p8CjwCDDKucs/rs:fit/g:sm/q:90/h:586/w:600/czM6Ly9kaXNjb2dz/LWRhdGFiYXNlLWlt/YWdlcy9SLTI1NDI5/ODk3LTE2NzEwMDI2/NTAtMTAyNC5wbmc.jpeg,
49,2373573,https://i.discogs.com/F8bOsgZc3tTu__dIJgTvbKjKws6SSHBSm7ul4FzpdSU/rs:fit/g:sm/q:90/h:594/w:600/czM6Ly9kaXNjb2dz/LWRhdGFiYXNlLWlt/YWdlcy9SLTIzNzM1/NzMtMTY2MzQ2Njk4/Ni0yMzA4LmpwZWc.jpeg,
50,1242694,https://i.discogs.com/6mzO3E_WqUG2vjUkJL-i3ur1c_SIqs7MzQqFaCbYORo/rs:fit/g:sm/q:90/h:599/w:600/czM6Ly9kaXNjb2dz/LWRhdGFiYXNlLWlt/YWdlcy9SLTEyNDI2/OTQtMTQ5ODQ1MjQ4/NS0yNzY1Lm1wbw.jpeg,
51,14232637,https://i.discogs.com/CpPBY750OqlZ8Y_FXtcbB4oeEW7At4J5zZ-unevsKL8/rs:fit/g:sm/q:90/h:600/w:600/czM6Ly9kaXNjb2dz/LWRhdGFiYXNlLWlt/YWdlcy9SLTE0MjMy/NjM3LTE1NzAzNzM1/NjYtMjgyMC5qcGVn.jpeg,18.0
52,1877244,https://i.discogs.com/iPBX-9Vq8jeZFH6YnQAKeavCFpqleBQ0jYMWiGk4CL0/rs:fit/g:sm/q:90/h:403/w:450/czM6Ly9kaXNjb2dz/LWRhdGFiYXNlLWlt/YWdlcy9SLTE4Nzcy/NDQtMTI0OTU2NDMx/Mi5qcGVn.jpeg,
53,14697308,https://i.discogs.com/tm2fN_Xqj62r_-V2jXROFWts5x7ipSSBQ9PyyVJUQTI/rs:fit/g:sm/q:90/h:600/w:600/czM6Ly9kaXNjb2dz/LWRhdGFiYXNlLWlt/YWdlcy9SLTE0Njk3/MzA4LTE1Nzk4NTQ0/MjAtODkwOC5qcGVn.jpeg,
54,4792598,https://i.discogs.com/WbbD-FaktJyx7_s_qcLqdJ7Vhb3XgORro3oPrWO0ljs/rs:fit/g:sm/q:90/h:225/w:225/czM6Ly9kaXNjb2dz/LWRhdGFiYXNlLWlt/YWdlcy9SLTQ3OTI1/OTgtMTM3NTY5MzUy/MC0yMTMwLmpwZWc.jpeg,
55,14799251,https://i.discogs.com/rq7zERlA0XcI_ekNa90g_eYicoGjMwx1Lah_tRxNSNA/rs:fit/g:sm/q:90/h:596/w:600/czM6Ly9kaXNjb2dz/LWRhdGFiYXNlLWlt/YWdlcy9SLTE0Nzk5/MjUxLTE1OTc3Nzg5/MTItNTIwMi5qcGVn.jpeg,
56,21064408,https://i.discogs.com/qqUQpD5IMtK1CHUl-HaVngdTqvcG_j7GTWwl5s_65BM/rs:fit/g:sm/q:90/h:586/w:600/czM6Ly9kaXNjb2dz/LWRhdGFiYXNlLWlt/YWdlcy9SLTIxMDY0/NDA4LTE2Mzc0ODM3/MjUtMzc3Ni5qcGVn.jpeg,
57,24125159,https://i.discogs.com/oid9tR-st1GG3h1_ir0H5EHY4aZSd_TVkWWMdJgC3-Q/rs:fit/g:sm/q:90/h:588/w:600/czM6Ly9kaXNjb2dz/LWRhdGFiYXNlLWlt/YWdlcy9SLTI0MTI1/MTU5LTE2NTk4NTg1/MTItNjgyMC5qcGVn.jpeg,
58,25809013,https://i.discogs.com/qT7eS6s9xJmo7HLCB-5rTHd589mHT8Aax-bQgCxMyEc/rs:fit/g:sm/q:90/h:911/w:600/czM6Ly9kaXNjb2dz/LWRhdGFiYXNlLWlt/YWdlcy9SLTI1ODA5/MDEzLTE2NzQwNzEz/NDYtMzMwNi5qcGVn.jpeg,10.0
59,25363804,https://i.discogs.com/akhfYZ1q3NzBHiCk2cUiVxArDgCOoklpz_UhvMhTmIE/rs:fit/g:sm/q:90/h:947/w:600/czM6Ly9kaXNjb2dz/LWRhdGFiYXNlLWlt/YWdlcy9SLTI1MzYz/ODA0LTE2NzAxMzk1/NjYtOTkzMi5qcGVn.jpeg,
60,26579276,https://i.discogs.com/z_hTZpVpUfdyrc2mi2Avu_s2oX-L8FBWoPvY4t0_XtE/rs:fit/g:sm/q:90/h:561/w:600/czM6Ly9kaXNjb2dz/LWRhdGFiYXNlLWlt/YWdlcy9SLTI2NTc5/Mjc2LTE2ODAwNTY2/NDQtMzQyMy5qcGVn.jpeg,
61,23871236,https://i.discogs.com/rpeC7arihtOA5KRTDjfLIiKQyNf_PoKQjFqW7f3CgiI/rs:fit/g:sm/q:90/h:595/w:600/czM6Ly9kaXNjb2dz/LWRhdGFiYXNlLWlt/YWdlcy9SLTIzODcx/MjM2LTE2NTgwNzA3/MzctODk4Ni5qcGVn.jpeg,
62,21397783,https://i.discogs.com/u8H1TPQdDsrr389iyoGLPjeyNQYqTzq6InXu4Wo2rxk/rs:fit/g:sm/q:90/h:600/w:600/czM6Ly9kaXNjb2dz/LWRhdGFiYXNlLWlt/YWdlcy9SLTIxMzk3/NzgzLTE2Mzk4NDQ5/NzctMTEzMi5qcGVn.jpeg,
63,19518175,,
64,19484788,https://i.discogs.com/b1Kq1bSb3nDmjO11wyNuviVPBfTczY97XVkcdhNvNDo/rs:fit/g:sm/q:90/h:404/w:600/czM6Ly9kaXNjb2dz/LWRhdGFiYXNlLWlt/YWdlcy9SLTE5NDg0/Nzg4LTE2MjczMjM3/MzgtNjE0NC5qcGVn.jpeg,
65,19484788,https://i.discogs.com/b1Kq1bSb3nDmjO11wyNuviVPBfTczY97XVkcdhNvNDo/rs:fit/g:sm/q:90/h:404/w:600/czM6Ly9kaXNjb2dz/LWRhdGFiYXNlLWlt/YWdlcy9SLTE5NDg0/Nzg4LTE2MjczMjM3/MzgtNjE0NC5qcGVn.jpeg,
66,7299969,https://i.discogs.com/EeJxaf7SxXolBasfsXAUX0HHqSd13m8ZkV5foBKjavo/rs:fit/g:sm/q:90/h:600/w:600/czM6Ly9kaXNjb2dz/LWRhdGFiYXNlLWlt/YWdlcy9SLTcyOTk5/NjktMTQzODM0Mjc3/Ny0xMzYyLmpwZWc.jpeg,12.0
67,20147620,https://i.discogs.com/y4Lf4gclL1Pus6k31OuK6xPWIXqMMyh8HPv-4Cy_dNQ/rs:fit/g:sm/q:90/h:574/w:600/czM6Ly9kaXNjb2dz/LWRhdGFiYXNlLWlt/YWdlcy9SLTIwMTQ3/NjIwLTE2MzEwMjM4/MTUtNDM1MS5qcGVn.jpeg,
68,24556265,,
69,20394643,https://i.discogs.com/plu_pzsYAyfjAYzc2Xz6MqrTUQjZgpQtjORlSsuLZr8/rs:fit/g:sm/q:90/h:600/w:600/czM6Ly9kaXNjb2dz/LWRhdGFiYXNlLWlt/YWdlcy9SLTIwMzk0/NjQzLTE2MzI4MDE2/NjAtMzU5NS5qcGVn.jpeg,
70,16431690,https://i.discogs.com/DBMucfxGyycCaWdLzEIXmvtrW2sdluXt5e1lSqkj6DA/rs:fit/g:sm/q:90/h:600/w:600/czM6Ly9kaXNjb2dz/LWRhdGFiYXNlLWlt/YWdlcy9SLTE2NDMx/NjkwLTE2MDg5Mjc0/MjItMTUyMS5qcGVn.jpeg,26.95
71,23339513,https://i.discogs.com/J5dgwlabK7RwocDHQaIylNeP_q_Wy4qBEsxk6_JeBNE/rs:fit/g:sm/q:90/h:600/w:600/czM6Ly9kaXNjb2dz/LWRhdGFiYXNlLWlt/YWdlcy9SLTIzMzM5/NTEzLTE2NTM0MDM5/NTQtNjY2Ny5qcGVn.jpeg,
72,26599118,https://i.discogs.com/N9r0-CUdsaAz5dbVZ6Hjfz7DMzg7lRB5erfFSEMZ11Q/rs:fit/g:sm/q:90/h:392/w:600/czM6Ly9kaXNjb2dz/LWRhdGFiYXNlLWlt/YWdlcy9SLTI2NTk5/MTE4LTE2ODA1NDUy/MzUtODIwMC5qcGVn.jpeg,
73,24020723,https://i.discogs.com/x3AYg3DHUTR1obOlrKMIeLrjGq6ECn3dF1onuXHOS5c/rs:fit/g:sm/q:90/h:828/w:600/czM6Ly9kaXNjb2dz/LWRhdGFiYXNlLWlt/YWdlcy9SLTI0MDIw/NzIzLTE2NjQyOTM4/MzctMzUzMS5qcGVn.jpeg,10.0
74,26039194,https://i.discogs.com/DAzV3VrgMB7a_ycwRIPKwnREjapjv6yQB20t7UTifC4/rs:fit/g:sm/q:90/h:886/w:600/czM6Ly9kaXNjb2dz/LWRhdGFiYXNlLWlt/YWdlcy9SLTI2MDM5/MTk0LTE2NzU5MDI1/ODktNDA4Ny5qcGVn.jpeg,
75,19320934,https://i.discogs.com/kfBRZmVlff2GtO3q-slDw9dkt_3qMkSnSJvlqpEXKXc/rs:fit/g:sm/q:90/h:695/w:600/czM6Ly9kaXNjb2dz/LWRhdGFiYXNlLWlt/YWdlcy9SLTE5MzIw/OTM0LTE2MjQ5OTIy/MDUtODI4MC5qcGVn.jpeg,
76,27041202,https://i.discogs.com/5kztTwrSqiVjicCBlGuXz1TcsOjNWGcFEoXE9xOHU1M/rs:fit/g:sm/q:90/h:450/w:600/czM6Ly9kaXNjb2dz/LWRhdGFiYXNlLWlt/YWdlcy9SLTI3MDQx/MjAyLTE2ODM3ODIz/NzktMjM5MS5qcGVn.jpeg,
77,28180315,https://i.discogs.com/QeyVLbWfL9PcbWBYTB2pqRXHye1ikuyL-Y7y8iv6bfA/rs:fit/g:sm/q:90/h:600/w:600/czM6Ly9kaXNjb2dz/LWRhdGFiYXNlLWlt/YWdlcy9SLTI4MTgw/MzE1LTE2OTQyNDcw/NTgtODIyNC5qcGVn.jpeg,
78,27170820,https://i.discogs.com/4adV56ADa0tWsvfpHhrlhl9npkYtLzEhmg6eXbRx1J8/rs:fit/g:sm/q:90/h:592/w:600/czM6Ly9kaXNjb2dz/LWRhdGFiYXNlLWlt/YWdlcy9SLTI3MTcw/ODIwLTE2ODQ4NzY5/NTEtODI1Mi5qcGVn.jpeg,
79,14728052,https://i.discogs.com/bQpOIfS4bM5jqaCeS5lch72fHmtFJPkehY4noZqd38Y/rs:fit/g:sm/q:90/h:600/w:600/czM6Ly9kaXNjb2dz/LWRhdGFiYXNlLWlt/YWdlcy9SLTE0NzI4/MDUyLTE1ODEzNzI4/NjQtOTg0OS5qcGVn.jpeg,
80,14529639,https://i.discogs.com/Z8a22yu-awQratNiwNExA1qdcy3L7DLwaA-8oOQXljI/rs:fit/g:sm/q:90/h:600/w:600/czM6Ly9kaXNjb2dz/LWRhdGFiYXNlLWlt/YWdlcy9SLTE0NTI5/NjM5LTE1NzY0MjY0/NTEtMjAyNy5qcGVn.jpeg,
81,10773910,https://i.discogs.com/FAFoVwYX_rgw8swyPew0iw0qAHuvSXLAFUNoN2MYXdI/rs:fit/g:sm/q:90/h:300/w:300/czM6Ly9kaXNjb2dz/LWRhdGFiYXNlLWlt/YWdlcy9SLTEwNzcz/OTEwLTE1MDQwNzk3/MDEtODE2MC5qcGVn.jpeg,
82,19248652,https://i.discogs.com/u8dvrPEROYKXpuCcLTg0rjJPDwFdylpKKbI65doSbeI/rs:fit/g:sm/q:90/h:600/w:600/czM6Ly9kaXNjb2dz/LWRhdGFiYXNlLWlt/YWdlcy9SLTE5MjQ4/NjUyLTE2MjQ0NjY5/OTctNzc4Mi5qcGVn.jpeg,
83,19168087,https://i.discogs.com/lsKBCLrOCvSvrpps8Zbu0uPJC99Rq9nm5MXRd-09ucU/rs:fit/g:sm/q:90/h:575/w:600/czM6Ly9kaXNjb2dz/LWRhdGFiYXNlLWlt/YWdlcy9SLTE5MTY4/MDg3LTE2MzA1NjI1/NjYtNTcyMS5qcGVn.jpeg,9.0
84,27061842,https://i.discogs.com/eCJoLEdWq-hA7UkQJODzMEuP58vc0byweBmFZwq9xUc/rs:fit/g:sm/q:90/h:600/w:600/czM6Ly9kaXNjb2dz/LWRhdGFiYXNlLWlt/YWdlcy9SLTI3MDYx/ODQyLTE2ODQ5NDQ4/MjMtNTU2Ni5qcGVn.jpeg,
85,24437369,https://i.discogs.com/iDG3TUrkz7jrdIT79QhenufVPHwLlNLTbhm3rtnVcM8/rs:fit/g:sm/q:90/h:829/w:537/czM6Ly9kaXNjb2dz/LWRhdGFiYXNlLWlt/YWdlcy9SLTI0NDM3/MzY5LTE2NjI1MTYw/MTItOTExMS5qcGVn.jpeg,
86,25359994,https://i.discogs.com/LHpPnsdJ-BeB2X1HZBJ6rdSTa69XqJ8bi-oeR5evXxE/rs:fit/g:sm/q:90/h:544/w:600/czM6Ly9kaXNjb2dz/LWRhdGFiYXNlLWlt/YWdlcy9SLTI1MzU5/OTk0LTE2NzAxNDU5/NjgtNjcwMS5qcGVn.jpeg,
87,14333106,https://i.discogs.com/qUfM_szW8QXbCsno5elFDaPo_w0gxVwukHhnm_KBtxU/rs:fit/g:sm/q:90/h:600/w:600/czM6Ly9kaXNjb2dz/LWRhdGFiYXNlLWlt/YWdlcy9SLTE0MzMz/MTA2LTE1NzI0MTQw/ODYtOTA0My5qcGVn.jpeg,22.99
88,19189816,https://i.discogs.com/TByg_GYUlWXI3vHDR7o7DKXBTJuQMvDiYvrpcFwquOk/rs:fit/g:sm/q:90/h:974/w:600/czM6Ly9kaXNjb2dz/LWRhdGFiYXNlLWlt/YWdlcy9SLTE5MTg5/ODE2LTE2MjQ0NzU0/ODAtMTI3MS5qcGVn.jpeg,
89,17170258,https://i.discogs.com/F8TNZQMjsxCITYGzTRpyyL3hGLYVPJvr4dSx5y92QGc/rs:fit/g:sm/q:90/h:800/w:600/czM6Ly9kaXNjb2dz/LWRhdGFiYXNlLWlt/YWdlcy9SLTE3MTcw/MjU4LTE2MTE5Njc0/NzgtNzk3Ni5qcGVn.jpeg,
90,12155904,https://i.discogs.com/-DEraIlrWKRtGZfB0P25__G4UcQvbjn9m-YaMg6bCvI/rs:fit/g:sm/q:90/h:618/w:600/czM6Ly9kaXNjb2dz/LWRhdGFiYXNlLWlt/YWdlcy9SLTEyMTU1/OTA0LTE1Mjk0MzIy/NzAtNDU2My5qcGVn.jpeg,
91,2619437,https://i.discogs.com/R8MoVqwiy0-3O137nvu1JcXuGwLlmJMrNWqjLBM5J7I/rs:fit/g:sm/q:90/h:312/w:313/czM6Ly9kaXNjb2dz/LWRhdGFiYXNlLWlt/YWdlcy9SLTI2MTk0/MzctMTMwMzc5NTEz/OC5qcGVn.jpeg,
92,7467684,https://i.discogs.com/Rj0b6jAFFk_Q3LT_zPpq-ajalpUX4VniBP9oOfKuhio/rs:fit/g:sm/q:90/h:600/w:600/czM6Ly9kaXNjb2dz/LWRhdGFiYXNlLWlt/YWdlcy9SLTc0Njc2/ODQtMTQ0MjA3NTYz/Ny03ODAyLmpwZWc.jpeg,11.03
93,21426001,https://i.discogs.com/_CxQnDMMd95PdB5CsQgCRxE68QVhxkXbwmNEkK4ytn0/rs:fit/g:sm/q:90/h:590/w:600/czM6Ly9kaXNjb2dz/LWRhdGFiYXNlLWlt/YWdlcy9SLTIxNDI2/MDAxLTE2NDYwMDEx/MDUtOTcwMi5wbmc.jpeg,
94,760379,https://i.discogs.com/zlcRxwtlxXu-xLmhgf2-wgiDDWjRsK_M21DirLEAgq8/rs:fit/g:sm/q:90/h:597/w:600/czM6Ly9kaXNjb2dz/LWRhdGFiYXNlLWlt/YWdlcy9SLTc2MDM3/OS0xMzM0MjkxNTIw/LmpwZWc.jpeg,
95,700865,https://i.discogs.com/Dv1Z9M7XB948-3G7hBUVnnF5U9G7d-3ec_xl9ttuGYk/rs:fit/g:sm/q:90/h:563/w:600/czM6Ly9kaXNjb2dz/LWRhdGFiYXNlLWlt/YWdlcy9SLTcwMDg2/NS0xMTU4NTQ3NTUy/LmpwZWc.jpeg,
96,17559457,https://i.discogs.com/Aem8RQnAs9tARdl5KWfegLbeLeZCrSvz8Pqn-5Pf6Wc/rs:fit/g:sm/q:90/h:600/w:600/czM6Ly9kaXNjb2dz/LWRhdGFiYXNlLWlt/YWdlcy9SLTE3NTU5/NDU3LTE2MTQxMjY0/ODktOTM5Ni5qcGVn.jpeg,5.7
97,15990303,https://i.discogs.com/a5eO5wS8RzyzRyrDoge2X1ALyYRSB_slBfRy446te8o/rs:fit/g:sm/q:90/h:607/w:600/czM6Ly9kaXNjb2dz/LWRhdGFiYXNlLWlt/YWdlcy9SLTE1OTkw/MzAzLTE2MTAzMjEw/MDAtNTIxNC5qcGVn.jpeg,
98,16101857,https://i.discogs.com/qaqxABLIQHm5OoO7eLQODtqId8n6521tLJi_8cGFgxk/rs:fit/g:sm/q:90/h:600/w:600/czM6Ly9kaXNjb2dz/LWRhdGFiYXNlLWlt/YWdlcy9SLTE2MTAx/ODU3LTE2MDM0Njg0/NDgtNzU3Mi5qcGVn.jpeg,15.0
99,2500279,https://i.discogs.com/am2hm4N3Zw3_SkH4Zxkj8KCh3BDa1HxFjrXtxLemnjg/rs:fit/g:sm/q:90/h:595/w:600/czM6Ly9kaXNjb2dz/LWRhdGFiYXNlLWlt/YWdlcy9SLTI1MDAy/NzktMTI4OTYyMzk5/Mi5qcGVn.jpeg,13.0
100,24704294,https://i.discogs.com/rjpS_txcQFXFWooKsBOYpBwmHZE8GMJZgfuZkDQhO0k/rs:fit/g:sm/q:90/h:600/w:600/czM6Ly9kaXNjb2dz/LWRhdGFiYXNlLWlt/YWdlcy9SLTI0NzA0/Mjk0LTE2NjcyMzk5/MjgtMzU2OC5qcGVn.jpeg,
101,22652990,https://i.discogs.com/TKEZgTEhwDqQgjmD307kdr5IH_I2rlzLLRizpzbUuCU/rs:fit/g:sm/q:90/h:949/w:600/czM6Ly9kaXNjb2dz/LWRhdGFiYXNlLWlt/YWdlcy9SLTIyNjUy/OTkwLTE2NTAxMzI4/NjUtNzM4NS5qcGVn.jpeg,
102,14253209,https://i.discogs.com/OmQNI-fvpBVVGeMMMOFnJol9tG467A_FFyE-SaRQuOc/rs:fit/g:sm/q:90/h:600/w:600/czM6Ly9kaXNjb2dz/LWRhdGFiYXNlLWlt/YWdlcy9SLTE0MjUz/MjA5LTE1NzI2MDg1/NTItOTUyOC5qcGVn.jpeg,
103,7150100,https://i.discogs.com/LAbnSUHopiowKnB7uZQx9-OYoasl2BrDhWaz69u37xQ/rs:fit/g:sm/q:90/h:600/w:600/czM6Ly9kaXNjb2dz/LWRhdGFiYXNlLWlt/YWdlcy9SLTcxNTAx/MDAtMTQzNDgzODk2/Ny01NzMzLmpwZWc.jpeg,
104,3044595,https://i.discogs.com/uopB6RfLjLj41U5Rd4vWTugwewXVAV2AmTYb_8lMqE8/rs:fit/g:sm/q:90/h:500/w:500/czM6Ly9kaXNjb2dz/LWRhdGFiYXNlLWlt/YWdlcy9SLTMwNDQ1/OTUtMTMxMzE0MTEy/Mi5qcGVn.jpeg,
105,1994131,https://i.discogs.com/sDIThmMrDsMicfJuf_K_RJ3KEDvXp0A2hgTx5K4YwhQ/rs:fit/g:sm/q:90/h:383/w:382/czM6Ly9kaXNjb2dz/LWRhdGFiYXNlLWlt/YWdlcy9SLTE5OTQx/MzEtMTQzMTI0OTA1/NS00MTQ4LmpwZWc.jpeg,
106,23826767,https://i.discogs.com/EhxNKKO-dns5vCx_5mwlwG8ok5vNl3cWb4sM43S8P8w/rs:fit/g:sm/q:90/h:600/w:600/czM6Ly9kaXNjb2dz/LWRhdGFiYXNlLWlt/YWdlcy9SLTIzODI2/NzY3LTE2NTczMjE0/MDktNzMzNy5qcGVn.jpeg,12.0
107,27735606,https://i.discogs.com/ALDAnptsKukscm3XpWpQiUDt5Z5K1-R82oUyVwHna_U/rs:fit/g:sm/q:90/h:589/w:600/czM6Ly9kaXNjb2dz/LWRhdGFiYXNlLWlt/YWdlcy9SLTI3NzM1/NjA2LTE2ODk5MDA2/NjEtMzkyOC5qcGVn.jpeg,12.0
108,21847657,https://i.discogs.com/0XgzujkMBXJsgVqmuoWEy11bJiB1diZzl5yXEVPfFVI/rs:fit/g:sm/q:90/h:777/w:600/czM6Ly9kaXNjb2dz/LWRhdGFiYXNlLWlt/YWdlcy9SLTIxODQ3/NjU3LTE2NDI4Nzk0/NjMtOTI5OC5qcGVn.jpeg,
109,12422487,https://i.discogs.com/ZRIMeJYcC1kzcGOswdRpCuhi7XhOvP8W-ILQ58uVxsc/rs:fit/g:sm/q:90/h:585/w:600/czM6Ly9kaXNjb2dz/LWRhdGFiYXNlLWlt/YWdlcy9SLTEyNDIy/NDg3LTE2ODc5ODM4/MTctMzMxNC5qcGVn.jpeg,18.0
110,14080190,https://i.discogs.com/HVDaZhyfYocILSObyhhZoaEbafvkooUQB_423AR0BQg/rs:fit/g:sm/q:90/h:600/w:600/czM6Ly9kaXNjb2dz/LWRhdGFiYXNlLWlt/YWdlcy9SLTE0MDgw/MTkwLTE1Njc0NTg5/MjktODM1OC5qcGVn.jpeg,16.66
111,15712180,https://i.discogs.com/ZfhQ1oOEvzaz_i1ZGN6ZF7ebp71kP6tZUl8v66mRinU/rs:fit/g:sm/q:90/h:600/w:600/czM6Ly9kaXNjb2dz/LWRhdGFiYXNlLWlt/YWdlcy9SLTE1NzEy/MTgwLTE1OTYzOTIw/MTItODg2OS5qcGVn.jpeg,
112,18767872,https://i.discogs.com/t8A2NMOdz-ljrH5iZLbYsoOxnvt7Sk_Gc1jRT1Xdf3c/rs:fit/g:sm/q:90/h:291/w:600/czM6Ly9kaXNjb2dz/LWRhdGFiYXNlLWlt/YWdlcy9SLTE4NzY3/ODcyLTE2MjEyNzA1/MzktNzgyNi5qcGVn.jpeg,15.0
113,5912418,https://i.discogs.com/xFxsHzasT4jCcKT-Zlm1r6ahHquKMXdfo7ExWYwD4C4/rs:fit/g:sm/q:90/h:600/w:600/czM6Ly9kaXNjb2dz/LWRhdGFiYXNlLWlt/YWdlcy9SLTU5MTI0/MTgtMTQwNjEzMzQ3/NS05NDIwLmpwZWc.jpeg,
114,7467715,https://i.discogs.com/erPZIA0x7r92j8z0gLChdSHmtd3iuC2cUib4cZTgp-o/rs:fit/g:sm/q:90/h:593/w:600/czM6Ly9kaXNjb2dz/LWRhdGFiYXNlLWlt/YWdlcy9SLTc0Njc3/MTUtMTU2NzE5NjU4/NC01ODgyLmpwZWc.jpeg,
115,19403434,https://i.discogs.com/PQL_mXwi2cpjeze9okX8Anx4lVTaAxgo-P6sCs3QcS8/rs:fit/g:sm/q:90/h:450/w:600/czM6Ly9kaXNjb2dz/LWRhdGFiYXNlLWlt/YWdlcy9SLTE5NDAz/NDM0LTE2MjU2MDY3/NzctNzgxNC5qcGVn.jpeg,8.65
116,6106294,https://i.discogs.com/vOerEHKZAsb7djGjE7KLjw3Av-u65cKcLfiRfYZrekY/rs:fit/g:sm/q:90/h:600/w:600/czM6Ly9kaXNjb2dz/LWRhdGFiYXNlLWlt/YWdlcy9SLTYxMDYy/OTQtMTQ2NDM0NDAy/NS0zNzUxLmpwZWc.jpeg,
117,27706905,https://i.discogs.com/WpIx3J4Uhwy2aRW1y1ToOarvrj8nC6UqmYXwyovmv0U/rs:fit/g:sm/q:90/h:900/w:600/czM6Ly9kaXNjb2dz/LWRhdGFiYXNlLWlt/YWdlcy9SLTI3NzA2/OTA1LTE2ODk2Mzkz/NjItOTAwNS5qcGVn.jpeg,
118,26127776,https://i.discogs.com/OOWRd9qJ9NZ3zTWVnglnENtH7R-CsFvASSrqPAG6lQ4/rs:fit/g:sm/q:90/h:1006/w:600/czM6Ly9kaXNjb2dz/LWRhdGFiYXNlLWlt/YWdlcy9SLTI2MTI3/Nzc2LTE2NzY1OTk3/MDgtNzIzOC5qcGVn.jpeg,
119,25550965,https://i.discogs.com/YyM-cmQM3D2z42IsbQk-WGKVB0DBb7hpn_nob1rdbj0/rs:fit/g:sm/q:90/h:600/w:600/czM6Ly9kaXNjb2dz/LWRhdGFiYXNlLWlt/YWdlcy9SLTI1NTUw/OTY1LTE2NzE4MzA0/NDctNzkyNy5qcGVn.jpeg,
120,18980509,https://i.discogs.com/5IwzjgQKExdRu872B_liio6zIYTaHax7kZtPCdAPtNA/rs:fit/g:sm/q:90/h:757/w:600/czM6Ly9kaXNjb2dz/LWRhdGFiYXNlLWlt/YWdlcy9SLTE4OTgw/NTA5LTE2MjI2ODE4/NTgtMzg1OC5qcGVn.jpeg,22.0
121,21062254,https://i.discogs.com/PF8-8Sc1dwKV-AgHwJOdmH6aWdq6-FVlvl6MOsHy_5g/rs:fit/g:sm/q:90/h:602/w:600/czM6Ly9kaXNjb2dz/LWRhdGFiYXNlLWlt/YWdlcy9SLTIxMDYy/MjU0LTE2Mzc0ODM3/NTEtMTkzMi5qcGVn.jpeg,
122,28199857,https://i.discogs.com/0x_Sr0CAlbMFzK9uomNJgqdnYkENyXnEFcKLRWEJ_j0/rs:fit/g:sm/q:90/h:600/w:600/czM6Ly9kaXNjb2dz/LWRhdGFiYXNlLWlt/YWdlcy9SLTI4MTk5/ODU3LTE2OTc1MDcy/MTMtMzE5OS5qcGVn.jpeg,
123,28199902,,
124,28199890,https://i.discogs.com/HhKCliF2uaW9bFOUjehKL3VJKz14SNbUSVQoEX7ZoDY/rs:fit/g:sm/q:90/h:600/w:600/czM6Ly9kaXNjb2dz/LWRhdGFiYXNlLWlt/YWdlcy9SLTI4MTk5/ODkwLTE2OTc1MDcy/NDEtNjE3MC5qcGVn.jpeg,
125,151832,https://i.discogs.com/Zg9PPRl-GZIlpUkN-DsK2dfxy5m2ci5TEyiejwisnwo/rs:fit/g:sm/q:90/h:600/w:600/czM6Ly9kaXNjb2dz/LWRhdGFiYXNlLWlt/YWdlcy9SLTE1MTgz/Mi0xNTU5MTE1Mjg0/LTkxNjMuanBlZw.jpeg,
126,23310416,https://i.discogs.com/-5Z0Zg_EoySC3rmvV6muhMA9spZYEilR0MT_6ZWrxdE/rs:fit/g:sm/q:90/h:600/w:600/czM6Ly9kaXNjb2dz/LWRhdGFiYXNlLWlt/YWdlcy9SLTIzMzEw/NDE2LTE2NTMxNzc0/MDEtOTMyNi5qcGVn.jpeg,12.0
127,27686412,https://i.discogs.com/2PnvW36E1bI_uMzbzXOFGC0h8Ibll5YiqSwNn7Oxifc/rs:fit/g:sm/q:90/h:600/w:600/czM6Ly9kaXNjb2dz/LWRhdGFiYXNlLWlt/YWdlcy9SLTI3Njg2/NDEyLTE2OTc0OTg5/NzItNzM2Ni5wbmc.jpeg,12.0
128,27553074,https://i.discogs.com/xu6CsHp6YeiwCFDbQ1_hANMUm6OUaw0gC_pdHyPjQ84/rs:fit/g:sm/q:90/h:932/w:600/czM6Ly9kaXNjb2dz/LWRhdGFiYXNlLWlt/YWdlcy9SLTI3NTUz/MDc0LTE2ODgyNzIy/NDAtNzExMi5qcGVn.jpeg,
129,23365466,https://i.discogs.com/0rPVkDPt5kKGHRgpj6NyEwxXzR-9tCFe0vh2HBtDT-4/rs:fit/g:sm/q:90/h:603/w:600/czM6Ly9kaXNjb2dz/LWRhdGFiYXNlLWlt/YWdlcy9SLTIzMzY1/NDY2LTE2NTk5NzAx/MzYtMzk2MS5qcGVn.jpeg,
130,18068767,https://i.discogs.com/BibFB5DwJ29kSXFB93xyv0yKsNI8PNV458b3rS3sQb4/rs:fit/g:sm/q:90/h:596/w:600/czM6Ly9kaXNjb2dz/LWRhdGFiYXNlLWlt/YWdlcy9SLTE4MDY4/NzY3LTE2MjUwMTM3/ODUtMzgwMC5qcGVn.jpeg,
131,19333849,https://i.discogs.com/pbizNZOgjmt_S0aJyJOrZuvdZeeDCXsqRIsve9N3T-4/rs:fit/g:sm/q:90/h:580/w:600/czM6Ly9kaXNjb2dz/LWRhdGFiYXNlLWlt/YWdlcy9SLTE5MzMz/ODQ5LTE2MjUwODcz/MDQtMTM5Ny5qcGVn.jpeg,
132,15482132,https://i.discogs.com/UBQoCkB3nLDamTQtIAHr2ukdzvL6mOSwstXEqSPkx0Y/rs:fit/g:sm/q:90/h:600/w:600/czM6Ly9kaXNjb2dz/LWRhdGFiYXNlLWlt/YWdlcy9SLTE1NDgy/MTMyLTE1OTIyNTM5/MTktMjMwOS5qcGVn.jpeg,
133,4548825,https://i.discogs.com/UFNDLjGmHySdMOQAat74qoAemlhQkOcf6eS19ulcRFU/rs:fit/g:sm/q:90/h:598/w:600/czM6Ly9kaXNjb2dz/LWRhdGFiYXNlLWlt/YWdlcy9SLTQ1NDg4/MjUtMTM2ODA1MTAz/Mi0yMTI0LmpwZWc.jpeg,
134,4972923,https://i.discogs.com/DVHPbelvH43JF8SQxVSpQkGgrip-DwOBAsljOtklhXg/rs:fit/g:sm/q:90/h:602/w:600/czM6Ly9kaXNjb2dz/LWRhdGFiYXNlLWlt/YWdlcy9SLTQ5NzI5/MjMtMTUzMDAzNTU4/My0xMDY2LmpwZWc.jpeg,
135,19059580,https://i.discogs.com/UuW4HGvlMaG7xxyMfQrXnvi862xrRy9MnJX2NC-zUY4/rs:fit/g:sm/q:90/h:600/w:600/czM6Ly9kaXNjb2dz/LWRhdGFiYXNlLWlt/YWdlcy9SLTE5MDU5/NTgwLTE2MjMxMzE4/MDgtNTk3Ni5qcGVn.jpeg,12.0
136,22301380,https://i.discogs.com/eDTa6W4zjLl2T6m_hEcaYsfhn3-9g5atWdooSsnfePI/rs:fit/g:sm/q:90/h:452/w:600/czM6Ly9kaXNjb2dz/LWRhdGFiYXNlLWlt/YWdlcy9SLTIyMzAx/MzgwLTE2NDU4MDk2/ODctNDU3Ni5qcGVn.jpeg,
137,17047761,https://i.discogs.com/65nlfK-HpBamWklKER2Nu9if-zup5Il8eTtUUdkJ6bc/rs:fit/g:sm/q:90/h:600/w:600/czM6Ly9kaXNjb2dz/LWRhdGFiYXNlLWlt/YWdlcy9SLTE3MDQ3/NzYxLTE2MTkyNzU5/OTQtODMwOC5qcGVn.jpeg,7.0
138,3419668,https://i.discogs.com/XGCvwxGQBWgiRYXPPWohlzNVWEQa-MwqSGQIqLHpVM4/rs:fit/g:sm/q:90/h:600/w:600/czM6Ly9kaXNjb2dz/LWRhdGFiYXNlLWlt/YWdlcy9SLTM0MTk2/NjgtMTYzNjc4MTI0/MC0yNjYwLmpwZWc.jpeg,
139,1519150,https://i.discogs.com/sPIMieJs2WLNX95HBx7M6KHdB6u3TMDumOWrHqo5Gug/rs:fit/g:sm/q:90/h:600/w:600/czM6Ly9kaXNjb2dz/LWRhdGFiYXNlLWlt/YWdlcy9SLTE1MTkx/NTAtMTI0Nzg1OTQ0/OC5qcGVn.jpeg,12.0
140,18979456,https://i.discogs.com/MECbBG4i_meqaUV9_dHR-d0LdGSclkQy2EGBfdV-9wA/rs:fit/g:sm/q:90/h:450/w:600/czM6Ly9kaXNjb2dz/LWRhdGFiYXNlLWlt/YWdlcy9SLTE4OTc5/NDU2LTE2MjI1OTky/MjktMjIzMC5qcGVn.jpeg,10.0
141,938040,https://i.discogs.com/8MjMAox1toaN7N5_DXULlfkt3shN_bqXqb_82je0EsU/rs:fit/g:sm/q:90/h:592/w:600/czM6Ly9kaXNjb2dz/LWRhdGFiYXNlLWlt/YWdlcy9SLTkzODA0/MC0xMzM2MTEwMDY1/LmpwZWc.jpeg,
142,25775032,https://i.discogs.com/HG07c44JetIu1-UxUgvtZbH_lzXAxQgGtMwXeGb0b78/rs:fit/g:sm/q:90/h:863/w:600/czM6Ly9kaXNjb2dz/LWRhdGFiYXNlLWlt/YWdlcy9SLTI1Nzc1/MDMyLTE2NzM3OTc2/NzgtMTY1OS5qcGVn.jpeg,
143,15762528,https://i.discogs.com/CyGCBKCP2MVHozcy-skqk3vlK0Dpj87B36ANhByOBUc/rs:fit/g:sm/q:90/h:600/w:600/czM6Ly9kaXNjb2dz/LWRhdGFiYXNlLWlt/YWdlcy9SLTE1NzYy/NTI4LTE1OTc3NTE0/MDAtNzU5OC5qcGVn.jpeg,
144,2039922,https://i.discogs.com/a_5ShxRX4yiCLh0g6dmYIaLwKmXE9YBI2EuGYizPXJ4/rs:fit/g:sm/q:90/h:610/w:600/czM6Ly9kaXNjb2dz/LWRhdGFiYXNlLWlt/YWdlcy9SLTIwMzk5/MjItMTU5OTc5NDAw/NC05NTA4LmpwZWc.jpeg,
145,1614479,https://i.discogs.com/X7kpN37tWxsKDc8UPntX6TUxM7oHl81ww_d5jl-qSmM/rs:fit/g:sm/q:90/h:580/w:600/czM6Ly9kaXNjb2dz/LWRhdGFiYXNlLWlt/YWdlcy9SLTE2MTQ0/NzktMTIzMjMyOTIx/OC5qcGVn.jpeg,
146,27464361,https://i.discogs.com/3L237aHN0aevwuEuMEK5NFOs9uvP4iEWJ515_7swk2g/rs:fit/g:sm/q:90/h:520/w:600/czM6Ly9kaXNjb2dz/LWRhdGFiYXNlLWlt/YWdlcy9SLTI3NDY0/MzYxLTE2ODc0ODA2/ODYtODk0OS5qcGVn.jpeg,
147,14361225,https://i.discogs.com/PwXOO0Z4kcfbDWPAhurO4FdJjqtV8cvWoPZpzF0iogE/rs:fit/g:sm/q:90/h:620/w:600/czM6Ly9kaXNjb2dz/LWRhdGFiYXNlLWlt/YWdlcy9SLTE0MzYx/MjI1LTE1NzMyNjI3/NDgtMzg3Mi5qcGVn.jpeg,24.0
148,1819216,https://i.discogs.com/zKqLnu0cq6yzq8p9h-UCVxdkGW_ojSQ0v4fsyFspBvU/rs:fit/g:sm/q:90/h:500/w:500/czM6Ly9kaXNjb2dz/LWRhdGFiYXNlLWlt/YWdlcy9SLTE4MTky/MTYtMTI0NTQ1ODAx/Ny5qcGVn.jpeg,
149,2296184,https://i.discogs.com/ea23Am-pSg0NgPZVgwSLqIes0FUvS6x8ExORj8PLl_E/rs:fit/g:sm/q:90/h:600/w:600/czM6Ly9kaXNjb2dz/LWRhdGFiYXNlLWlt/YWdlcy9SLTIyOTYx/ODQtMTU1NTA1Mjc1/Mi05MDA5LmpwZWc.jpeg,10.0
150,1802121,https://i.discogs.com/qquSi5HqsLsSKFk_U4FybBfqPBopDbmRP0g3HGdA_8A/rs:fit/g:sm/q:90/h:250/w:250/czM6Ly9kaXNjb2dz/LWRhdGFiYXNlLWlt/YWdlcy9SLTE4MDIx/MjEtMTI3NjY3MDg4/Ny5qcGVn.jpeg,8.0
151,7015065,https://i.discogs.com/5WNb-XFmRCix2uRRuKlmlpcOpN7SzyEcjWyG-05gEB0/rs:fit/g:sm/q:90/h:596/w:600/czM6Ly9kaXNjb2dz/LWRhdGFiYXNlLWlt/YWdlcy9SLTcwMTUw/NjUtMTY2MTExNTA1/My0zNzkxLmpwZWc.jpeg,10.0
152,25069579,https://i.discogs.com/kFIfxq86km0c6wtTGgj-pmpH4GVmJYuo4xZl4hbUOgI/rs:fit/g:sm/q:90/h:595/w:600/czM6Ly9kaXNjb2dz/LWRhdGFiYXNlLWlt/YWdlcy9SLTI1MDY5/NTc5LTE2NjgwOTQ1/OTktMzY0NC5qcGVn.jpeg,
153,16004008,https://i.discogs.com/JZ-RdgaOyuX5kVfbncCHE89WtT9W7e6LIlW3nM7io5A/rs:fit/g:sm/q:90/h:548/w:600/czM6Ly9kaXNjb2dz/LWRhdGFiYXNlLWlt/YWdlcy9SLTE2MDA0/MDA4LTE2MDE3MjA4/NzgtMjgwMC5qcGVn.jpeg,
154,18768931,https://i.discogs.com/Y-IMFSzp-qD9j-xjAnQiKb7EmRva6XBrvOho89F4FSM/rs:fit/g:sm/q:90/h:500/w:500/czM6Ly9kaXNjb2dz/LWRhdGFiYXNlLWlt/YWdlcy9SLTE4NzY4/OTMxLTE2MjEyNzU2/NjctNzAwNi5qcGVn.jpeg,7.5
155,28138030,https://i.discogs.com/op4bj8cgDP48pPJGAc05lY0TGUv36Iee5-0xQfbEvLw/rs:fit/g:sm/q:90/h:600/w:600/czM6Ly9kaXNjb2dz/LWRhdGFiYXNlLWlt/YWdlcy9SLTI4MTM4/MDMwLTE2OTM1NTYw/NjAtMjk1Ni5qcGVn.jpeg,
156,2051877,https://i.discogs.com/YORknRR8GAcf-KNC4INq-ru-e4idzMvCQGr8Euz9sOg/rs:fit/g:sm/q:90/h:570/w:570/czM6Ly9kaXNjb2dz/LWRhdGFiYXNlLWlt/YWdlcy9SLTIwNTE4/NzctMTI2MTAxNzQ3/OC5qcGVn.jpeg,
157,6902928,https://i.discogs.com/m98DB-EI8TxmxX5iMIqr7faZC3f1h3EMNfEpOkhXNxY/rs:fit/g:sm/q:90/h:455/w:455/czM6Ly9kaXNjb2dz/LWRhdGFiYXNlLWlt/YWdlcy9SLTY5MDI5/MjgtMTQyOTE0Nzg2/My05MDE5LmpwZWc.jpeg,
158,11641428,https://i.discogs.com/xGwaewUoPum3bvfUtfvtcv9QHShcN_aNguiAwWm4pNg/rs:fit/g:sm/q:90/h:594/w:600/czM6Ly9kaXNjb2dz/LWRhdGFiYXNlLWlt/YWdlcy9SLTExNjQx/NDI4LTE1MTk5MDUx/MDEtMTcwOC5qcGVn.jpeg,5.0
159,15661397,https://i.discogs.com/D7mLPDVW5so85ljjdB36mD0tg8aGrGYTx-3XH0LPRB0/rs:fit/g:sm/q:90/h:596/w:600/czM6Ly9kaXNjb2dz/LWRhdGFiYXNlLWlt/YWdlcy9SLTE1NjYx/Mzk3LTE1OTU0OTY2/MDktMzY5MC5qcGVn.jpeg,19.78
160,12103231,https://i.discogs.com/ERph6hrXIDkDG5LIxP8memA9qpGfwoHU9Hp_DayjeEs/rs:fit/g:sm/q:90/h:600/w:600/czM6Ly9kaXNjb2dz/LWRhdGFiYXNlLWlt/YWdlcy9SLTEyMTAz/MjMxLTE1MjgzNjUw/MjUtMzY3Ni5qcGVn.jpeg,
161,5174165,https://i.discogs.com/Y-iKTglJXXCBvABOGsJN5hpzfiNPKQof63ql_QZjQco/rs:fit/g:sm/q:90/h:546/w:545/czM6Ly9kaXNjb2dz/LWRhdGFiYXNlLWlt/YWdlcy9SLTUxNzQx/NjUtMTM5MTQ3MzM4/MC03NDM5LmpwZWc.jpeg,
162,20709817,https://i.discogs.com/uQaalxI0cPn4nOQHk7VL5Ew8FWsUb7AV9wQOGG0yD2M/rs:fit/g:sm/q:90/h:450/w:600/czM6Ly9kaXNjb2dz/LWRhdGFiYXNlLWlt/YWdlcy9SLTIwNzA5/ODE3LTE2MzUwNjc2/MDEtNDk5Ny5qcGVn.jpeg,
163,18634567,https://i.discogs.com/m5u2OBtE4cfsol9ZJrs3m3vSvwp88t7qxF51_OGZDyU/rs:fit/g:sm/q:90/h:910/w:600/czM6Ly9kaXNjb2dz/LWRhdGFiYXNlLWlt/YWdlcy9SLTE4NjM0/NTY3LTE2MjA2MDEy/OTMtMjk3My5qcGVn.jpeg,
164,10434339,https://i.discogs.com/eYnRwhqMrPrAuaayDRV6O1zxwtN20J9LEHOJUQL0BT8/rs:fit/g:sm/q:90/h:500/w:500/czM6Ly9kaXNjb2dz/LWRhdGFiYXNlLWlt/YWdlcy9SLTEwNDM0/MzM5LTE0OTczNTky/NjItNjEwMy5qcGVn.jpeg,24.75
165,919009,https://i.discogs.com/AY50PTIOQTiMuZGowEnm7DNyS4oV54cdrxR3fOGp5do/rs:fit/g:sm/q:90/h:600/w:600/czM6Ly9kaXNjb2dz/LWRhdGFiYXNlLWlt/YWdlcy9SLTkxOTAw/OS0xNTE5MzUzNzM4/LTE5NDguanBlZw.jpeg,
166,20507959,https://i.discogs.com/kDRQM78bQaGrp2XNSQfXGF-XPo5nh_r_0Fw9rQQ-j9s/rs:fit/g:sm/q:90/h:599/w:600/czM6Ly9kaXNjb2dz/LWRhdGFiYXNlLWlt/YWdlcy9SLTIwNTA3/OTU5LTE2NDAwMDMy/OTQtMjAzMi5qcGVn.jpeg,21.61
167,25415287,https://i.discogs.com/7lQyh-3xvKgVEl3mHA7VavffDbreyhEmPma9xl9626Y/rs:fit/g:sm/q:90/h:591/w:600/czM6Ly9kaXNjb2dz/LWRhdGFiYXNlLWlt/YWdlcy9SLTI1NDE1/Mjg3LTE2OTQ4NjIy/OTMtMjg4NS5qcGVn.jpeg,
168,9987858,https://i.discogs.com/EUtsUdDeJ4Fs9ckqhY8CcJMD_1Sy86h3TxRl3SRt8Iw/rs:fit/g:sm/q:90/h:595/w:600/czM6Ly9kaXNjb2dz/LWRhdGFiYXNlLWlt/YWdlcy9SLTk5ODc4/NTgtMTQ4OTc0MDgw/Ny0xMDU1LmpwZWc.jpeg,13.0
169,27761565,https://i.discogs.com/f12xiGM-en56F_FAZruYcMctadKP23rT8_bvOGWnX2c/rs:fit/g:sm/q:90/h:938/w:600/czM6Ly9kaXNjb2dz/LWRhdGFiYXNlLWlt/YWdlcy9SLTI3NzYx/NTY1LTE2OTAxMjk2/NjMtODcwMC5qcGVn.jpeg,
170,1744147,https://i.discogs.com/DLhtgKLjw5CICB9s14O0YAof0MTUSOssfRBf425E-co/rs:fit/g:sm/q:90/h:598/w:600/czM6Ly9kaXNjb2dz/LWRhdGFiYXNlLWlt/YWdlcy9SLTE3NDQx/NDctMTI0MDU2NzM0/MS5qcGVn.jpeg,
171,3549352,https://i.discogs.com/8xNYiAoML2aCxGSiLcO1tab89yG2E6TYifXo0932ydI/rs:fit/g:sm/q:90/h:600/w:600/czM6Ly9kaXNjb2dz/LWRhdGFiYXNlLWlt/YWdlcy9SLTM1NDkz/NTItMTY3OTA4NzAw/NC05ODMxLmpwZWc.jpeg,10.0
172,19590358,https://i.discogs.com/WVlRuEgj4sc1zqDqPR4sYC83jDwbn5v58ytw7BHfZOE/rs:fit/g:sm/q:90/h:600/w:600/czM6Ly9kaXNjb2dz/LWRhdGFiYXNlLWlt/YWdlcy9SLTE5NTkw/MzU4LTE2MjY5OTcz/MTctNTg5MS5qcGVn.jpeg,
173,14892820,https://i.discogs.com/jUmNzRX3SVz-47sbH1slAAVkUdyQcPUxm-ld-5e45Rw/rs:fit/g:sm/q:90/h:600/w:600/czM6Ly9kaXNjb2dz/LWRhdGFiYXNlLWlt/YWdlcy9SLTE0ODky/ODIwLTE1OTY0ODg1/NTYtNjQ1Mi5qcGVn.jpeg,
174,15882596,https://i.discogs.com/mrHO4KoVqZ02H-RC5cB2hEGyTo6eZ3bhduGxbc0SZDQ/rs:fit/g:sm/q:90/h:601/w:600/czM6Ly9kaXNjb2dz/LWRhdGFiYXNlLWlt/YWdlcy9SLTE1ODgy/NTk2LTE1OTk1MjMw/OTctNzM5My5qcGVn.jpeg,18.0
175,18675490,https://i.discogs.com/ukLCOtu27cBdcx6TbIPeAN11WGZwChXeO4DN6pRz4AU/rs:fit/g:sm/q:90/h:600/w:600/czM6Ly9kaXNjb2dz/LWRhdGFiYXNlLWlt/YWdlcy9SLTE4Njc1/NDkwLTE2MjA2ODUy/NzAtNzM4MS5qcGVn.jpeg,11.0
176,1758736,https://i.discogs.com/uEyOv8JfUM709aQNllQ8AyhalXT4uhPOO7nJPyd3lJw/rs:fit/g:sm/q:90/h:599/w:600/czM6Ly9kaXNjb2dz/LWRhdGFiYXNlLWlt/YWdlcy9SLTE3NTg3/MzYtMTI5MjMyMDU2/MC5qcGVn.jpeg,
177,27423072,https://i.discogs.com/DtNnWEPoUPfX1fRP6f8jCCy0IR4HnyNmK5J0ckjwOj0/rs:fit/g:sm/q:90/h:934/w:600/czM6Ly9kaXNjb2dz/LWRhdGFiYXNlLWlt/YWdlcy9SLTI3NDIz/MDcyLTE2ODcxMzE2/ODMtODU3OC5qcGVn.jpeg,
178,22824305,https://i.discogs.com/RVDjbceAnjwG5L343R-RnH_R3dfMzE-2ZjF87B1WaXU/rs:fit/g:sm/q:90/h:600/w:600/czM6Ly9kaXNjb2dz/LWRhdGFiYXNlLWlt/YWdlcy9SLTIyODI0/MzA1LTE2NTExMzc5/OTgtNjI3NS5qcGVn.jpeg,
179,19320568,https://i.discogs.com/8qqi3zOanSJh9qx3rOVJKKrUOGJB11Sv67Zj85Hr27Q/rs:fit/g:sm/q:90/h:597/w:600/czM6Ly9kaXNjb2dz/LWRhdGFiYXNlLWlt/YWdlcy9SLTE5MzIw/NTY4LTE2MjQ5ODk4/NDEtMjExMy5qcGVn.jpeg,
180,22383457,https://i.discogs.com/0Hp8YPGd3XHZ9WY-VJAgWRixpKPxMpHhkow75WDwU04/rs:fit/g:sm/q:90/h:600/w:600/czM6Ly9kaXNjb2dz/LWRhdGFiYXNlLWlt/YWdlcy9SLTIyMzgz/NDU3LTE2NDY0MDUw/ODYtMjQzMy5qcGVn.jpeg,10.86
181,20633692,https://i.discogs.com/0rDgTXeCSCbdxG2oclu9MmftIDWLBG9TJ8da0wu7HMk/rs:fit/g:sm/q:90/h:364/w:243/czM6Ly9kaXNjb2dz/LWRhdGFiYXNlLWlt/YWdlcy9SLTIwNjMz/NjkyLTE2MzQ2NzAy/MjMtMzQ0Mi5qcGVn.jpeg,8.5
182,17532760,https://i.discogs.com/PubjFTpfRf1hsYaNoN8PHCHJPpr2IOlv6ycXWaR-QhI/rs:fit/g:sm/q:90/h:447/w:600/czM6Ly9kaXNjb2dz/LWRhdGFiYXNlLWlt/YWdlcy9SLTE3NTMy/NzYwLTE2MTM5OTEz/NjQtMzE5NS5qcGVn.jpeg,
183,22497125,https://i.discogs.com/miqbjPULbIAlcz28sqON_jrQfUYh7JmNOM77dGFD6CU/rs:fit/g:sm/q:90/h:600/w:600/czM6Ly9kaXNjb2dz/LWRhdGFiYXNlLWlt/YWdlcy9SLTIyNDk3/MTI1LTE2NDcxODg4/NjAtMjcyMi5wbmc.jpeg,
184,23804258,https://i.discogs.com/HmevLoiUDwcAAy16CXdPKxeg-3P2w1pzPckN4l7Mz2U/rs:fit/g:sm/q:90/h:600/w:600/czM6Ly9kaXNjb2dz/LWRhdGFiYXNlLWlt/YWdlcy9SLTIzODA0/MjU4LTE2NTcyMjAw/NTgtNDI4OC5qcGVn.jpeg,
185,7242186,https://i.discogs.com/5SoLt9Dkzkce7F0-IvZtGb8hjbU_1xIA5M1tYI7UEhI/rs:fit/g:sm/q:90/h:600/w:600/czM6Ly9kaXNjb2dz/LWRhdGFiYXNlLWlt/YWdlcy9SLTcyNDIx/ODYtMTQzNjk2OTc1/Ni01NTIyLmpwZWc.jpeg,
186,27885336,https://i.discogs.com/PPidGcCRiOT3FOODZzA3ZkPGzqWIMJzOGg-rUAXv0kk/rs:fit/g:sm/q:90/h:600/w:600/czM6Ly9kaXNjb2dz/LWRhdGFiYXNlLWlt/YWdlcy9SLTI3ODg1/MzM2LTE2OTEyNTI1/ODEtMzQyNi5qcGVn.jpeg,
187,12508766,https://i.discogs.com/b5l913wH2qNON6cO4jS-MbCL2nFKy6yZSYkW8mNIPW0/rs:fit/g:sm/q:90/h:600/w:600/czM6Ly9kaXNjb2dz/LWRhdGFiYXNlLWlt/YWdlcy9SLTEyNTA4/NzY2LTE1MzcxNTE0/MDUtMjkwMS5qcGVn.jpeg,
188,17784868,https://i.discogs.com/baGy_qoDBt6BOFRaDffGDlB836Xkzl_I9WEIm7drL1w/rs:fit/g:sm/q:90/h:320/w:319/czM6Ly9kaXNjb2dz/LWRhdGFiYXNlLWlt/YWdlcy9SLTE3Nzg0/ODY4LTE2MTU0MTc3/NDctMzc3Ni5qcGVn.jpeg,22.0
189,4243861,https://i.discogs.com/rXRzYbOlMk0szVlApBLPaQfPpuFSIntK0HYUz18m2RY/rs:fit/g:sm/q:90/h:526/w:531/czM6Ly9kaXNjb2dz/LWRhdGFiYXNlLWlt/YWdlcy9SLTQyNDM4/NjEtMTM1OTUzMzk4/Ny01ODkyLmpwZWc.jpeg,25.0
190,4905921,https://i.discogs.com/uxQDIBEkXjSBxwZo8enArVYkAxfJZ0bgqNrl4LQZQMs/rs:fit/g:sm/q:90/h:533/w:600/czM6Ly9kaXNjb2dz/LWRhdGFiYXNlLWlt/YWdlcy9SLTQ5MDU5/MjEtMTQ3NjQyMDk3/NS02NzYwLmpwZWc.jpeg,
191,6916895,https://i.discogs.com/9MMEcI0a1pM6LlGQvWIJwKvyN_UUtfaHnYDjDqvDm6w/rs:fit/g:sm/q:90/h:600/w:600/czM6Ly9kaXNjb2dz/LWRhdGFiYXNlLWlt/YWdlcy9SLTY5MTY4/OTUtMTQyOTQ1Mzk1/NC0zNTUzLmpwZWc.jpeg,
192,23235914,https://i.discogs.com/6Cr9zsW9U9PCVDDr3l-NfjA9W02QkpxbPp-furM8o9U/rs:fit/g:sm/q:90/h:480/w:480/czM6Ly9kaXNjb2dz/LWRhdGFiYXNlLWlt/YWdlcy9SLTIzMjM1/OTE0LTE2NTI2MjQw/NTgtNTI2Mi5qcGVn.jpeg,
193,24334895,https://i.discogs.com/s86E6QnxYeRH_Kvi1JWhkOIKJYxrn7u-f5i4Gt7lMMU/rs:fit/g:sm/q:90/h:600/w:600/czM6Ly9kaXNjb2dz/LWRhdGFiYXNlLWlt/YWdlcy9SLTI0MzM0/ODk1LTE2NjE2MzI1/MzEtMzkwNC5qcGVn.jpeg,
194,25619623,https://i.discogs.com/LMltxoWrQH1v5IeTFqD7zb8WLapFgdwaofBHg9AyrUw/rs:fit/g:sm/q:90/h:600/w:600/czM6Ly9kaXNjb2dz/LWRhdGFiYXNlLWlt/YWdlcy9SLTI1NjE5/NjIzLTE2NzI0NTUx/MDMtMzE1OC5qcGVn.jpeg,
195,23894756,https://i.discogs.com/RsArZ9UJvQsRL7KFRtRkQ07sWp-GG2-CFan5Z0GqblE/rs:fit/g:sm/q:90/h:591/w:600/czM6Ly9kaXNjb2dz/LWRhdGFiYXNlLWlt/YWdlcy9SLTIzODk0/NzU2LTE2NTc5MDUz/NjAtNDQwOS5qcGVn.jpeg,
196,14414352,https://i.discogs.com/8_PKvBicx1iCAfbTUvKOjWc6i5-Up9694ZIyo0IsxYQ/rs:fit/g:sm/q:90/h:600/w:600/czM6Ly9kaXNjb2dz/LWRhdGFiYXNlLWlt/YWdlcy9SLTE0NDE0/MzUyLTE1NzQwMzEz/NjMtNTY4OC5qcGVn.jpeg,10.0
197,17922847,https://i.discogs.com/bncrT4zLH2M1W7LUFYrKm38PYp8QdX3_Q051LP8i1kM/rs:fit/g:sm/q:90/h:605/w:600/czM6Ly9kaXNjb2dz/LWRhdGFiYXNlLWlt/YWdlcy9SLTE3OTIy/ODQ3LTE2MTYyMDk2/NTItNzY4MS5qcGVn.jpeg,19.0
198,18069346,https://i.discogs.com/lBt6NYuaTYNsfrQJ9-89MdraADm9j9C1WW-4b3_7vqU/rs:fit/g:sm/q:90/h:598/w:600/czM6Ly9kaXNjb2dz/LWRhdGFiYXNlLWlt/YWdlcy9SLTE4MDY5/MzQ2LTE2Mjc2NTc4/NTgtMzA3NC5qcGVn.jpeg,19.0
199,17914735,https://i.discogs.com/Cfz2jY6ItflEVd0SwZu3uu9b4wrqR9nViMFIy4UZ6MI/rs:fit/g:sm/q:90/h:600/w:600/czM6Ly9kaXNjb2dz/LWRhdGFiYXNlLWlt/YWdlcy9SLTE3OTE0/NzM1LTE2MTYxNjY3/NjAtMTg4MS5qcGVn.jpeg,32.0
200,11747055,https://i.discogs.com/g617d8fEPcnruqOw1IkvpHwqdzezsl6wbT51kWqu-4I/rs:fit/g:sm/q:90/h:600/w:600/czM6Ly9kaXNjb2dz/LWRhdGFiYXNlLWlt/YWdlcy9SLTExNzQ3/MDU1LTE1MjE2ODAx/NzYtMTcyOS5qcGVn.jpeg,
201,3917267,https://i.discogs.com/ls3PGeRt65OvZekLyq7oxkJAQziHonVPJ_PWfdtGu5w/rs:fit/g:sm/q:90/h:382/w:380/czM6Ly9kaXNjb2dz/LWRhdGFiYXNlLWlt/YWdlcy9SLTM5MTcy/NjctMTM0OTE1MzE1/OC05ODc0LmpwZWc.jpeg,3.33
202,6024108,https://i.discogs.com/XiiOCuBh31amAJ-7mcrDGTow6ls80FRMUU2jsDmUMpI/rs:fit/g:sm/q:90/h:600/w:600/czM6Ly9kaXNjb2dz/LWRhdGFiYXNlLWlt/YWdlcy9SLTYwMjQx/MDgtMTQwOTA5MzI2/Mi00NjU5LmpwZWc.jpeg,
203,9085254,https://i.discogs.com/F1YJ1zr7K2cpGrwnrXZdjVZQ_6sJf27G5-5oNjj_CqY/rs:fit/g:sm/q:90/h:600/w:600/czM6Ly9kaXNjb2dz/LWRhdGFiYXNlLWlt/YWdlcy9SLTkwODUy/NTQtMTQ3NDUwNzI1/NS0zMTk3LmpwZWc.jpeg,
204,5636351,https://i.discogs.com/0KhsnFUex5meiFVP2vg8ill9dc3h86hQu2LG3ZCS2E0/rs:fit/g:sm/q:90/h:588/w:600/czM6Ly9kaXNjb2dz/LWRhdGFiYXNlLWlt/YWdlcy9SLTU2MzYz/NTEtMTM5ODU5OTE4/Ni04NDQzLmpwZWc.jpeg,
205,13276122,https://i.discogs.com/SNwi5t4nyoYVK3zv5iAodnRFpEFVMHQv5ea7Niby-WI/rs:fit/g:sm/q:90/h:600/w:600/czM6Ly9kaXNjb2dz/LWRhdGFiYXNlLWlt/YWdlcy9SLTEzMjc2/MTIyLTE1ODA0OTI5/MDAtNTkzOS5qcGVn.jpeg,10.08
206,11019145,https://i.discogs.com/nea4e50-0--jlSFS8ovoROsEz-RDRy6aWE4Zatqqk58/rs:fit/g:sm/q:90/h:596/w:600/czM6Ly9kaXNjb2dz/LWRhdGFiYXNlLWlt/YWdlcy9SLTExMDE5/MTQ1LTE2MjY0NTIx/OTItMzc2NS5qcGVn.jpeg,8.4
207,14240636,https://i.discogs.com/zMMoALa4BpADre2kcjL-Gf5BPrsFlHoQlNiVW_R9pUQ/rs:fit/g:sm/q:90/h:652/w:600/czM6Ly9kaXNjb2dz/LWRhdGFiYXNlLWlt/YWdlcy9SLTE0MjQw/NjM2LTE1NzA1Mzcy/NDEtODE3OS5qcGVn.jpeg,15.65
208,19346860,https://i.discogs.com/W2UQ2W_fCBoK4DX54iTX7dKy-om8XI7jeYu5mIZtYw0/rs:fit/g:sm/q:90/h:600/w:600/czM6Ly9kaXNjb2dz/LWRhdGFiYXNlLWlt/YWdlcy9SLTE5MzQ2/ODYwLTE2MjUxODYz/MjktNzc1NC5qcGVn.jpeg,
209,22916057,https://i.discogs.com/eQtxZ2_cfFCM20pdmrcHpfcx4b_PcE56fpDUA7B9MR0/rs:fit/g:sm/q:90/h:611/w:600/czM6Ly9kaXNjb2dz/LWRhdGFiYXNlLWlt/YWdlcy9SLTIyOTE2/MDU3LTE2NjA5MzU5/MjAtOTAyNC5qcGVn.jpeg,
210,22808744,https://i.discogs.com/p90A7Y3fYh2TiMIwV8pZ_lC2_9yhQgwOrZNyU7wxuSU/rs:fit/g:sm/q:90/h:583/w:600/czM6Ly9kaXNjb2dz/LWRhdGFiYXNlLWlt/YWdlcy9SLTIyODA4/NzQ0LTE2NTgyMTEw/MjUtNjQwMS5qcGVn.jpeg,
211,23455916,https://i.discogs.com/a8wEgZFOzV3TwuMLmfWq85lN6ZE2_jAtCWJbdJU0Eeg/rs:fit/g:sm/q:90/h:964/w:600/czM6Ly9kaXNjb2dz/LWRhdGFiYXNlLWlt/YWdlcy9SLTIzNDU1/OTE2LTE2NTQyNzky/NDQtMTI0NS5qcGVn.jpeg,
212,28491652,https://i.discogs.com/LTK-WQwr1HdKlLNY1oPCBdsOdbvbiMixHEqcP7vnbP4/rs:fit/g:sm/q:90/h:600/w:600/czM6Ly9kaXNjb2dz/LWRhdGFiYXNlLWlt/YWdlcy9SLTI4NDkx/NjUyLTE2OTY0MDkx/MzEtMjE4NC5qcGVn.jpeg,
213,25619908,https://i.discogs.com/v5KHjbUvfeEdrO-8pxBH2PaWsYe03NCDZgAcxQ70rG0/rs:fit/g:sm/q:90/h:942/w:600/czM6Ly9kaXNjb2dz/LWRhdGFiYXNlLWlt/YWdlcy9SLTI1NjE5/OTA4LTE2ODMxMDUy/ODAtNTE4MC5qcGVn.jpeg,
214,25747900,https://i.discogs.com/aUgN0qBnLo6cZs8nijdD0QGM4wAemHQ0PFMDVxUwhx0/rs:fit/g:sm/q:90/h:610/w:398/czM6Ly9kaXNjb2dz/LWRhdGFiYXNlLWlt/YWdlcy9SLTI1NzQ3/OTAwLTE2NzM5NDkz/NDktNTEzMC5qcGVn.jpeg,
215,5188327,https://i.discogs.com/M4HBqBuNqPnz3JaZnXWPl28OspXLjLnt1vpIKrCawDs/rs:fit/g:sm/q:90/h:500/w:500/czM6Ly9kaXNjb2dz/LWRhdGFiYXNlLWlt/YWdlcy9SLTUxODgz/MjctMTU0Njk5NTQy/Mi0yMzUwLmpwZWc.jpeg,
216,27947307,https://i.discogs.com/ENLgUcr2yOAwprgD_PES7RRaFpemBX1C72K22y7rJq8/rs:fit/g:sm/q:90/h:882/w:600/czM6Ly9kaXNjb2dz/LWRhdGFiYXNlLWlt/YWdlcy9SLTI3OTQ3/MzA3LTE2OTE4Nzg3/NTQtNTkzNi5qcGVn.jpeg,
217,3786580,https://i.discogs.com/lZM0X0e3uRlAjwNw6BFJS6Y1qA6nZbbBomzET3Ac3tc/rs:fit/g:sm/q:90/h:319/w:319/czM6Ly9kaXNjb2dz/LWRhdGFiYXNlLWlt/YWdlcy9SLTM3ODY1/ODAtMTM0NDQ1OTE1/OS00MjczLmpwZWc.jpeg,
218,5951221,https://i.discogs.com/Pu8oL0froQbeUAFCrihAReieqWCd1TM3AUpnRuPdLGk/rs:fit/g:sm/q:90/h:600/w:600/czM6Ly9kaXNjb2dz/LWRhdGFiYXNlLWlt/YWdlcy9SLTU5NTEy/MjEtMTQwNzE4NzQw/NS00OTY5LmpwZWc.jpeg,
219,12876955,https://i.discogs.com/N8vyuPpbrJ14xS8hCoWXc_Jv6E47to-n874BBAfRRHg/rs:fit/g:sm/q:90/h:577/w:600/czM6Ly9kaXNjb2dz/LWRhdGFiYXNlLWlt/YWdlcy9SLTEyODc2/OTU1LTE1NDM2Nzcy/NzQtNzk4Mi5qcGVn.jpeg,
220,19737085,https://i.discogs.com/QG7m3M7BC3JK37NohszBFOZgvI8k88G_pcanzKhj_80/rs:fit/g:sm/q:90/h:605/w:600/czM6Ly9kaXNjb2dz/LWRhdGFiYXNlLWlt/YWdlcy9SLTE5NzM3/MDg1LTE2MjgwNzY1/MTItNjI1Mi5qcGVn.jpeg,
221,18488464,https://i.discogs.com/MufOjIymNpsV9lJcQsejEupnD0LwKDjeJ31KQNoWtPM/rs:fit/g:sm/q:90/h:943/w:600/czM6Ly9kaXNjb2dz/LWRhdGFiYXNlLWlt/YWdlcy9SLTE4NDg4/NDY0LTE2Mzk3Nzk3/MTctODkxMS5qcGVn.jpeg,
222,21148381,https://i.discogs.com/s8O0csDbgGE-2JVQVGtmt__eFl9wpAvYEpTXYWX4ViI/rs:fit/g:sm/q:90/h:777/w:600/czM6Ly9kaXNjb2dz/LWRhdGFiYXNlLWlt/YWdlcy9SLTIxMTQ4/MzgxLTE2MzgwNjQ4/NzYtOTg2OS5qcGVn.jpeg,
223,24343823,https://i.discogs.com/PolI7m_rMp_HlL4Ip72GHc7Z9npLXVZPO1ywS5jbfj0/rs:fit/g:sm/q:90/h:600/w:600/czM6Ly9kaXNjb2dz/LWRhdGFiYXNlLWlt/YWdlcy9SLTI0MzQz/ODIzLTE2NjE3MTU2/MDMtNDYyNC5qcGVn.jpeg,
224,6429755,https://i.discogs.com/vw3cgN9CrKFNBqLkDyXj1vNvzx6B4KkLlqwETam9FuM/rs:fit/g:sm/q:90/h:600/w:600/czM6Ly9kaXNjb2dz/LWRhdGFiYXNlLWlt/YWdlcy9SLTY0Mjk3/NTUtMTQxOTAyODY0/MC03NzM5LmpwZWc.jpeg,
225,15237157,https://i.discogs.com/4sspC9szzNmkZaxPwxTZd2ds9DtwHoRw3jFjebGThW0/rs:fit/g:sm/q:90/h:535/w:600/czM6Ly9kaXNjb2dz/LWRhdGFiYXNlLWlt/YWdlcy9SLTE1MjM3/MTU3LTE1ODg1MDEw/MzktOTIwNy5qcGVn.jpeg,7.0
226,15795726,https://i.discogs.com/evqfEjqjzNQcUXYnqria2EbYs5ZlFYA0UU9vrceODrY/rs:fit/g:sm/q:90/h:543/w:600/czM6Ly9kaXNjb2dz/LWRhdGFiYXNlLWlt/YWdlcy9SLTE1Nzk1/NzI2LTE1OTc5Mzk3/MzQtMjY4OC5qcGVn.jpeg,7.0
227,17044872,https://i.discogs.com/0FR_pMGBPqkSOw7Kga1TLmJrjuChD6WU0bCtSXEIqcU/rs:fit/g:sm/q:90/h:530/w:600/czM6Ly9kaXNjb2dz/LWRhdGFiYXNlLWlt/YWdlcy9SLTE3MDQ0/ODcyLTE2MTEzMTc1/ODctMTg0My5qcGVn.jpeg,7.0
228,23185160,https://i.discogs.com/ZmWDeiep8TpOBRFqSNXzCw1uxtzlA58CVWZe89OWcfY/rs:fit/g:sm/q:90/h:1001/w:563/czM6Ly9kaXNjb2dz/LWRhdGFiYXNlLWlt/YWdlcy9SLTIzMTg1/MTYwLTE2NTIyNzkw/MzUtNTc5Mi5qcGVn.jpeg,
229,14418719,https://i.discogs.com/pDaRlzeG-zHaIHtij2A67w3buNKv4zR0k5ib1HQLk3I/rs:fit/g:sm/q:90/h:600/w:600/czM6Ly9kaXNjb2dz/LWRhdGFiYXNlLWlt/YWdlcy9SLTE0NDE4/NzE5LTE2NjExOTMy/NTEtNTI1NC5qcGVn.jpeg,17.99
230,27932340,https://i.discogs.com/9yfi__6be5vdvV7DzaCd3CLt-aZKpuw6MYFqYStQpOI/rs:fit/g:sm/q:90/h:917/w:600/czM6Ly9kaXNjb2dz/LWRhdGFiYXNlLWlt/YWdlcy9SLTI3OTMy/MzQwLTE2OTE2NjIy/NTctNjI2MS5qcGVn.jpeg,
231,18980797,https://i.discogs.com/3L_WvKfzxPAuwPpeC27895R5H94bnTcUmhb4IE6K1kY/rs:fit/g:sm/q:90/h:931/w:600/czM6Ly9kaXNjb2dz/LWRhdGFiYXNlLWlt/YWdlcy9SLTE4OTgw/Nzk3LTE2NTg2MjEz/OTAtMTE2OS5qcGVn.jpeg,30.0
232,18041473,https://i.discogs.com/C9Bzx4Zsa7YF8DEVZ1ost4unBrVGGGvAHIaLBWhTKUI/rs:fit/g:sm/q:90/h:476/w:600/czM6Ly9kaXNjb2dz/LWRhdGFiYXNlLWlt/YWdlcy9SLTE4MDQx/NDczLTE2MTY4ODc3/MjMtNzIzMC5qcGVn.jpeg,12.0
233,20255575,https://i.discogs.com/nu1CN3vnhWl956_USX0hTScXvEJDxYFI-dDjkolygwA/rs:fit/g:sm/q:90/h:593/w:600/czM6Ly9kaXNjb2dz/LWRhdGFiYXNlLWlt/YWdlcy9SLTIwMjU1/NTc1LTE2MzE4MDkw/NTQtMzQwMC5qcGVn.jpeg,12.0
234,22728866,https://i.discogs.com/VjtV8sPnKoXZCn1WmuMF1uGPRB7ya4iux5R-cilUZ7M/rs:fit/g:sm/q:90/h:600/w:600/czM6Ly9kaXNjb2dz/LWRhdGFiYXNlLWlt/YWdlcy9SLTIyNzI4/ODY2LTE2NTA2MjM0/OTYtMTk5Mi5qcGVn.jpeg,
235,21269284,https://i.discogs.com/y6ZS7DYXjjEsMsWJFJ1ASR2Nb5gcRCZRMnrckecs1t8/rs:fit/g:sm/q:90/h:365/w:600/czM6Ly9kaXNjb2dz/LWRhdGFiYXNlLWlt/YWdlcy9SLTIxMjY5/Mjg0LTE2Mzg5MjMz/NjAtNzI2Mi5qcGVn.jpeg,
236,22742282,https://i.discogs.com/Fj5QXOnulgw2rCbewkR_5M2U2QdRW96c63NyS9lV4lg/rs:fit/g:sm/q:90/h:773/w:531/czM6Ly9kaXNjb2dz/LWRhdGFiYXNlLWlt/YWdlcy9SLTIyNzQy/MjgyLTE2NDg5NDI5/NzItMjU3MS5qcGVn.jpeg,
237,23874161,https://i.discogs.com/1e3eoddL45uJwQMnZPbA89qzDD3GNWlpnb5RbyH_9P8/rs:fit/g:sm/q:90/h:600/w:600/czM6Ly9kaXNjb2dz/LWRhdGFiYXNlLWlt/YWdlcy9SLTIzODc0/MTYxLTE2NTc3Mjg0/NjctMzE0My5qcGVn.jpeg,
238,21769264,https://i.discogs.com/bFTSdS5SP0okvBA5uQ5XR-o4NjB-laiJzZsmJnkjSdM/rs:fit/g:sm/q:90/h:450/w:600/czM6Ly9kaXNjb2dz/LWRhdGFiYXNlLWlt/YWdlcy9SLTIxNzY5/MjY0LTE2NDIzODQ0/ODEtNTQzNS5qcGVn.jpeg,
239,24463394,https://i.discogs.com/gwArbmwLTTJqv55WOQF0jvEK8sNhjtjvXKPgLYmM5Zc/rs:fit/g:sm/q:90/h:450/w:600/czM6Ly9kaXNjb2dz/LWRhdGFiYXNlLWlt/YWdlcy9SLTI0NDYz/Mzk0LTE2NjI3NDE1/NDUtOTM4NC5qcGVn.jpeg,
240,17275750,https://i.discogs.com/IqMvfw9E0Rttfw14jEBv5_qGSMg-i3nynPOTzLDHIOM/rs:fit/g:sm/q:90/h:450/w:600/czM6Ly9kaXNjb2dz/LWRhdGFiYXNlLWlt/YWdlcy9SLTE3Mjc1/NzUwLTE2MTI1NjI3/NjUtNzU1Mi5qcGVn.jpeg,
241,26373089,https://i.discogs.com/yYNXEgP95l9bQkSvob7adnNalJF2kGteLhtysuNh3wQ/rs:fit/g:sm/q:90/h:596/w:600/czM6Ly9kaXNjb2dz/LWRhdGFiYXNlLWlt/YWdlcy9SLTI2Mzcz/MDg5LTE2NzkwNjU1/MDgtNDE0MC5qcGVn.jpeg,
242,24093353,https://i.discogs.com/aifNMi9iVsQQfvRNMyuo1p5kWAenN1YZrWMgGvkwZBY/rs:fit/g:sm/q:90/h:869/w:600/czM6Ly9kaXNjb2dz/LWRhdGFiYXNlLWlt/YWdlcy9SLTI0MDkz/MzUzLTE2NTk1Nzcz/MjAtMTkwNC5qcGVn.jpeg,
243,4561839,https://i.discogs.com/D6E3vR6gpObUEeRTjA1MZPs_H50mAY2tsLOMCyXjTNY/rs:fit/g:sm/q:90/h:403/w:400/czM6Ly9kaXNjb2dz/LWRhdGFiYXNlLWlt/YWdlcy9SLTQ1NjE4/MzktMTM2ODQzNDU3/Ny00ODA2LmpwZWc.jpeg,17.98
244,4545992,https://i.discogs.com/lDyqias_g1b22-I1xQUiq2IE8tI1G1CKRbFUusvAZ34/rs:fit/g:sm/q:90/h:600/w:600/czM6Ly9kaXNjb2dz/LWRhdGFiYXNlLWlt/YWdlcy9SLTQ1NDU5/OTItMTUxNDEwMTE3/OC05NzAzLmpwZWc.jpeg,17.98
245,12075906,https://i.discogs.com/UmRxA0kCqgmBMoiv9bye60ZT2YVEtieJph7bV_VYxNQ/rs:fit/g:sm/q:90/h:550/w:550/czM6Ly9kaXNjb2dz/LWRhdGFiYXNlLWlt/YWdlcy9SLTEyMDc1/OTA2LTE1Mjc4MjM2/NzYtMjY5MS5qcGVn.jpeg,17.99
246,16136301,https://i.discogs.com/TU5NzswOIrm4XIDSKpTFRrZsnIwH0zUJhNQjE2TdXQ0/rs:fit/g:sm/q:90/h:592/w:600/czM6Ly9kaXNjb2dz/LWRhdGFiYXNlLWlt/YWdlcy9SLTE2MTM2/MzAxLTE2MDQwNTU5/MTctMTMyNS5qcGVn.jpeg,27.99
247,15129157,https://i.discogs.com/ufI2X4XXarkxxbiRsFqYJc--Nm0qgq74WN6RUR8nj_Y/rs:fit/g:sm/q:90/h:597/w:600/czM6Ly9kaXNjb2dz/LWRhdGFiYXNlLWlt/YWdlcy9SLTE1MTI5/MTU3LTE1OTU1MjU5/NzctNjQ3MC5qcGVn.jpeg,
248,18990964,https://i.discogs.com/k1iR5BkoVuOy3IfPFarYb8QURnb2l9DzJ-6Rc-AimjQ/rs:fit/g:sm/q:90/h:600/w:600/czM6Ly9kaXNjb2dz/LWRhdGFiYXNlLWlt/YWdlcy9SLTE4OTkw/OTY0LTE2MjI2NzQz/MzEtODA5MC5qcGVn.jpeg,
249,12937879,https://i.discogs.com/Uyly3ryz116RAY5ft3SJbTJH8A2FSjr1yrk-Pu-yJ78/rs:fit/g:sm/q:90/h:600/w:600/czM6Ly9kaXNjb2dz/LWRhdGFiYXNlLWlt/YWdlcy9SLTEyOTM3/ODc5LTE1NDUwNjE4/ODUtNDk4My5qcGVn.jpeg,
250,1973752,https://i.discogs.com/tFjZriQ0r2C5iVZnlqmbrL954H5motW_XoG2VbWnbdg/rs:fit/g:sm/q:90/h:372/w:360/czM6Ly9kaXNjb2dz/LWRhdGFiYXNlLWlt/YWdlcy9SLTE5NzM3/NTItMTI1NjAzNTQ2/My5qcGVn.jpeg,
251,15541773,https://i.discogs.com/VY83FJdfBylHMK6VxTY7i61Tl20-8VhxYJRMzJrZzLc/rs:fit/g:sm/q:90/h:600/w:600/czM6Ly9kaXNjb2dz/LWRhdGFiYXNlLWlt/YWdlcy9SLTE1NTQx/NzczLTE1OTMzNDM3/MDUtODU4MS5qcGVn.jpeg,45.08
252,18373753,https://i.discogs.com/DBUFTM7QCu_O9x38Q3eNgf9I7LYHeFJEcMIGcU4tRFU/rs:fit/g:sm/q:90/h:605/w:600/czM6Ly9kaXNjb2dz/LWRhdGFiYXNlLWlt/YWdlcy9SLTE4Mzcz/NzUzLTE2MTg4ODE2/MzQtMzI4MS5qcGVn.jpeg,34.99
253,15311509,https://i.discogs.com/MDvr9qk1fi3TDGtVaWklvwMezPEpEI8hIa72si419RU/rs:fit/g:sm/q:90/h:608/w:600/czM6Ly9kaXNjb2dz/LWRhdGFiYXNlLWlt/YWdlcy9SLTE1MzEx/NTA5LTE1ODk2NTE4/MzYtODY3MS5qcGVn.jpeg,
254,13291066,https://i.discogs.com/a1ZFvDmifzQ1tg5DzDmeF4BDSEzPSABKqCDfY9T6hKY/rs:fit/g:sm/q:90/h:600/w:600/czM6Ly9kaXNjb2dz/LWRhdGFiYXNlLWlt/YWdlcy9SLTEzMjkx/MDY2LTE1NTE0OTA4/ODUtOTMzMy5qcGVn.jpeg,17.5
255,14650792,https://i.discogs.com/tqxsgFDjTGtHEIa0J0oZz1GwIn0JGU5VGk5-Q7TUTEU/rs:fit/g:sm/q:90/h:600/w:600/czM6Ly9kaXNjb2dz/LWRhdGFiYXNlLWlt/YWdlcy9SLTE0NjUw/NzkyLTE1NzkwMDU2/OTktOTk0NS5qcGVn.jpeg,
256,24263306,https://i.discogs.com/oTlOpHJyAzKLZJIuF7DgTcOk7qKqv0TABPnLO3X4Qu4/rs:fit/g:sm/q:90/h:600/w:600/czM6Ly9kaXNjb2dz/LWRhdGFiYXNlLWlt/YWdlcy9SLTI0MjYz/MzA2LTE2NjEwMzA0/NjItMzgyMy5qcGVn.jpeg,17.0
257,3264424,https://i.discogs.com/PyCifOhTsWNwa3NyCPdHC3RvH_WWVc92IB4Lsc6M4_c/rs:fit/g:sm/q:90/h:599/w:599/czM6Ly9kaXNjb2dz/LWRhdGFiYXNlLWlt/YWdlcy9SLTMyNjQ0/MjQtMTMyMjk3MzE3/MC5qcGVn.jpeg,
258,14630631,https://i.discogs.com/y2jS8o9xN1Jhds2JkHbhZlUVpKz_b8i7Agdh7SQIqv4/rs:fit/g:sm/q:90/h:600/w:600/czM6Ly9kaXNjb2dz/LWRhdGFiYXNlLWlt/YWdlcy9SLTE0NjMw/NjMxLTE1Nzg1MTk5/NDUtMjk4MS5qcGVn.jpeg,18.0
259,5094138,https://i.discogs.com/Q-CfsWfWZsuamywIazK_BB_hpgYzmivkOuUvsQOGsiA/rs:fit/g:sm/q:90/h:480/w:480/czM6Ly9kaXNjb2dz/LWRhdGFiYXNlLWlt/YWdlcy9SLTUwOTQx/MzgtMTM4NDMwODQ3/MS0yNTM0LmpwZWc.jpeg,12.0
260,25120690,https://i.discogs.com/BrHWg0B0F5UHXh2Kj4MYWoze0VCbI4smjCEG2DvxJsw/rs:fit/g:sm/q:90/h:600/w:600/czM6Ly9kaXNjb2dz/LWRhdGFiYXNlLWlt/YWdlcy9SLTI1MTIw/NjkwLTE2NjgxMDMz/MjktNzQ5OC5qcGVn.jpeg,
261,27947283,https://i.discogs.com/YzfKTHpJ6RzYeDrrpGwqOF7Hg0zTcKc52Cnr_mqJ0_U/rs:fit/g:sm/q:90/h:893/w:600/czM6Ly9kaXNjb2dz/LWRhdGFiYXNlLWlt/YWdlcy9SLTI3OTQ3/MjgzLTE2OTE4Nzgz/NzYtODQ2Mi5qcGVn.jpeg,
262,20667949,https://i.discogs.com/vsguSf73xiA0C1c__pG8k7eAtl3IOu2ijzo8WoTh7B8/rs:fit/g:sm/q:90/h:483/w:600/czM6Ly9kaXNjb2dz/LWRhdGFiYXNlLWlt/YWdlcy9SLTIwNjY3/OTQ5LTE2MzQ3NTM1/ODgtOTc1NC5qcGVn.jpeg,
263,16477551,https://i.discogs.com/PINpeLbjWG9Sd8XlFmuB1HY3G0f3_i6jwkE21P0n91Q/rs:fit/g:sm/q:90/h:600/w:600/czM6Ly9kaXNjb2dz/LWRhdGFiYXNlLWlt/YWdlcy9SLTE2NDc3/NTUxLTE2MDc5Nzgy/NzQtOTA4Mi5qcGVn.jpeg,9.0
264,24527531,https://i.discogs.com/2q0xpZv_hFzbGzp0e0QYGibUAgmzp6PQgUrkcZVNFr0/rs:fit/g:sm/q:90/h:600/w:600/czM6Ly9kaXNjb2dz/LWRhdGFiYXNlLWlt/YWdlcy9SLTI0NTI3/NTMxLTE2NjYxOTk3/MjEtMTAyMy5qcGVn.jpeg,
265,15132797,https://i.discogs.com/WRCtF0HPudw31kNRu-5HLVFca8SvxNueiQLReDF3DpU/rs:fit/g:sm/q:90/h:600/w:600/czM6Ly9kaXNjb2dz/LWRhdGFiYXNlLWlt/YWdlcy9SLTE1MTMy/Nzk3LTE1ODcxMTU4/NjYtODExMS5qcGVn.jpeg,29.39
266,13383814,https://i.discogs.com/_jFlbJaDEe3ozJa6-TTyhHaM6DtU8kNq_9LKvIleLzY/rs:fit/g:sm/q:90/h:600/w:600/czM6Ly9kaXNjb2dz/LWRhdGFiYXNlLWlt/YWdlcy9SLTEzMzgz/ODE0LTE2MDY0MTQ2/MjAtMTQwNS5qcGVn.jpeg,
267,26110114,https://i.discogs.com/zsjkH7X25AvVKfF0FipHqpBioIVLzc4La52kM82-Y3s/rs:fit/g:sm/q:90/h:380/w:600/czM6Ly9kaXNjb2dz/LWRhdGFiYXNlLWlt/YWdlcy9SLTI2MTEw/MTE0LTE2Nzg2MTUw/MzktMTcxNS5qcGVn.jpeg,
268,5311187,https://i.discogs.com/c4ZssldTVzvXC5cPKCjB0JLb2_gUo2GliE0Te7JJwgA/rs:fit/g:sm/q:90/h:500/w:334/czM6Ly9kaXNjb2dz/LWRhdGFiYXNlLWlt/YWdlcy9SLTUzMTEx/ODctMTM5MDI0MTM0/Mi0zMjU3LmpwZWc.jpeg,
269,8013082,https://i.discogs.com/AtU4JIP4zbWuEtcdPryGf9g8IYpQSgoSoGtv6CMjyTA/rs:fit/g:sm/q:90/h:963/w:600/czM6Ly9kaXNjb2dz/LWRhdGFiYXNlLWlt/YWdlcy9SLTgwMTMw/ODItMTQ4NjkzODE3/Ni0yODMwLmpwZWc.jpeg,
270,598989,https://i.discogs.com/cOh7W8INrfbqGW1WRp-Z000roA5AQbaGKvYvsKGpslQ/rs:fit/g:sm/q:90/h:611/w:600/czM6Ly9kaXNjb2dz/LWRhdGFiYXNlLWlt/YWdlcy9SLTU5ODk4/OS0xMTQ3OTU1MTI3/LmpwZWc.jpeg,
271,20935894,https://i.discogs.com/IF7Z2mpO_Woii0ceaYnYV_TT7apAYO5lMiowoGNZfEs/rs:fit/g:sm/q:90/h:600/w:600/czM6Ly9kaXNjb2dz/LWRhdGFiYXNlLWlt/YWdlcy9SLTIwOTM1/ODk0LTE2MzY2Mzgx/NzktMTQ0NS5qcGVn.jpeg,
272,20935939,https://i.discogs.com/_kRiBHHAHcMi-RxKnl8mGXlz8Jh3j1LJpwcxGJxnaQU/rs:fit/g:sm/q:90/h:600/w:600/czM6Ly9kaXNjb2dz/LWRhdGFiYXNlLWlt/YWdlcy9SLTIwOTM1/OTM5LTE2MzY2Mzg0/MDctNDgxNS5qcGVn.jpeg,
273,1255494,https://i.discogs.com/wFHqmp9rTu5hJ4j3ze-n339fxqM3h5jKJpMsyQ49doM/rs:fit/g:sm/q:90/h:200/w:200/czM6Ly9kaXNjb2dz/LWRhdGFiYXNlLWlt/YWdlcy9SLTEyNTU0/OTQtMTIwNDEzNTI4/NS5qcGVn.jpeg,
274,594929,https://i.discogs.com/HJX80kgyzoyielo59alkTLQpDOldmUkmKhfbOi6s9nU/rs:fit/g:sm/q:90/h:591/w:600/czM6Ly9kaXNjb2dz/LWRhdGFiYXNlLWlt/YWdlcy9SLTU5NDky/OS0xNDk5NTc0NjA5/LTkxNjguanBlZw.jpeg,
275,2738775,https://i.discogs.com/rGnYH1Q7P5FPE8FDLCJ3VLD5k_dDdhkA1L0yJ27TkcM/rs:fit/g:sm/q:90/h:593/w:600/czM6Ly9kaXNjb2dz/LWRhdGFiYXNlLWlt/YWdlcy9SLTI3Mzg3/NzUtMTM0MTgwMjQ2/OS0xMDYzLmpwZWc.jpeg,
276,11749233,https://i.discogs.com/uESSyVvCJQ125BUDRt9IXlP08opkx3vkZPxtroUPSsk/rs:fit/g:sm/q:90/h:600/w:600/czM6Ly9kaXNjb2dz/LWRhdGFiYXNlLWlt/YWdlcy9SLTExNzQ5/MjMzLTE1MjE3Mjg3/MDktNzY0Ni5qcGVn.jpeg,15.99
277,11749233,https://i.discogs.com/uESSyVvCJQ125BUDRt9IXlP08opkx3vkZPxtroUPSsk/rs:fit/g:sm/q:90/h:600/w:600/czM6Ly9kaXNjb2dz/LWRhdGFiYXNlLWlt/YWdlcy9SLTExNzQ5/MjMzLTE1MjE3Mjg3/MDktNzY0Ni5qcGVn.jpeg,15.99
278,8010876,https://i.discogs.com/LWJsHUUqfo1nOs6Wxh7FU2j7u5ePRMuoFdGNcEGD6CQ/rs:fit/g:sm/q:90/h:596/w:600/czM6Ly9kaXNjb2dz/LWRhdGFiYXNlLWlt/YWdlcy9SLTgwMTA4/NzYtMTQ1MzQzNzQ3/OS04MDczLmpwZWc.jpeg,
279,19089772,https://i.discogs.com/ZTf4kT3xkWhO7u7o6_x8jKCsIkdXK3N9gQ1RmpGS8s8/rs:fit/g:sm/q:90/h:600/w:600/czM6Ly9kaXNjb2dz/LWRhdGFiYXNlLWlt/YWdlcy9SLTE5MDg5/NzcyLTE2MjMzMzQ0/OTAtMjE3OC5qcGVn.jpeg,
280,14314968,https://i.discogs.com/zNvEzFgsmJFeWjtEOCwyq8SFkdJKtVf44pMV8BLwlHM/rs:fit/g:sm/q:90/h:600/w:600/czM6Ly9kaXNjb2dz/LWRhdGFiYXNlLWlt/YWdlcy9SLTE0MzE0/OTY4LTE1NzIwNTY4/MjAtMzcwNS5qcGVn.jpeg,21.99
281,16586790,https://i.discogs.com/yq_6LkGpRGGgwdEy760VN1kLx16tE__3Ekf18iIlozE/rs:fit/g:sm/q:90/h:498/w:600/czM6Ly9kaXNjb2dz/LWRhdGFiYXNlLWlt/YWdlcy9SLTE2NTg2/NzkwLTE2MDg3NDIy/MDUtNzY5NC5qcGVn.jpeg,40.0
282,18322984,https://i.discogs.com/uE58QcAUcBIY2NeIzCqXuPDSMZz4HblbrHqkAgCKbGo/rs:fit/g:sm/q:90/h:600/w:600/czM6Ly9kaXNjb2dz/LWRhdGFiYXNlLWlt/YWdlcy9SLTE4MzIy/OTg0LTE2NDA1Nzgx/NzctOTU4NC5qcGVn.jpeg,
283,4893519,https://i.discogs.com/7KrHrKF1Iup-8PfAbrsa83fjEQXxUQbgb4ZB2qKUwM0/rs:fit/g:sm/q:90/h:600/w:600/czM6Ly9kaXNjb2dz/LWRhdGFiYXNlLWlt/YWdlcy9SLTQ4OTM1/MTktMTM3ODY3OTUx/My00ODI3LmpwZWc.jpeg,
284,19405582,https://i.discogs.com/pa0UogEEqm0y9UvCn3mDWbTCLmkEqFgWgbrgyJmxuaE/rs:fit/g:sm/q:90/h:584/w:600/czM6Ly9kaXNjb2dz/LWRhdGFiYXNlLWlt/YWdlcy9SLTE5NDA1/NTgyLTE2Mjk0MTY4/NDItMzEwMy5qcGVn.jpeg,
285,12756347,https://i.discogs.com/LzawseGvYEW-Yn5Gte6_VDTk2E28Epn9fO0qrFOjXW4/rs:fit/g:sm/q:90/h:600/w:600/czM6Ly9kaXNjb2dz/LWRhdGFiYXNlLWlt/YWdlcy9SLTEyNzU2/MzQ3LTE1NDEzNDk2/NDEtMzkyMS5qcGVn.jpeg,17.25
286,12729076,https://i.discogs.com/_tRiPI0Ek6CdiSsFnFw8SkEwNh9vEMU2Lrf7BsnFQMw/rs:fit/g:sm/q:90/h:603/w:600/czM6Ly9kaXNjb2dz/LWRhdGFiYXNlLWlt/YWdlcy9SLTEyNzI5/MDc2LTE1NDA4NzM4/NDItODM1My5qcGVn.jpeg,34.5
287,17386057,https://i.discogs.com/PsM43WdS1amCGMDYU7pZRDvfUf4lmUmTFo35n585opQ/rs:fit/g:sm/q:90/h:600/w:600/czM6Ly9kaXNjb2dz/LWRhdGFiYXNlLWlt/YWdlcy9SLTE3Mzg2/MDU3LTE2MTMyMjcy/MDEtMjI3Mi5qcGVn.jpeg,
288,4066022,https://i.discogs.com/aunWhjWSP1ngW_M_vXZAmfWwScbbcZhQs4u6HY6gEJk/rs:fit/g:sm/q:90/h:511/w:500/czM6Ly9kaXNjb2dz/LWRhdGFiYXNlLWlt/YWdlcy9SLTQwNjYw/MjItMTM5OTY1MTU3/OC00OTAwLmpwZWc.jpeg,3.0
289,2483434,https://i.discogs.com/J7hBr78v9ZDx8WCkq9zzCHquQYPwaO9sWSXqCJMhhKI/rs:fit/g:sm/q:90/h:452/w:452/czM6Ly9kaXNjb2dz/LWRhdGFiYXNlLWlt/YWdlcy9SLTI0ODM0/MzQtMTI4NjUzNTE4/Mi5qcGVn.jpeg,3.0
290,3070089,https://i.discogs.com/4j5clVxJ4164fJ9oPT3f2UmwvXynATAt7sfS-svpG_U/rs:fit/g:sm/q:90/h:452/w:452/czM6Ly9kaXNjb2dz/LWRhdGFiYXNlLWlt/YWdlcy9SLTMwNzAw/ODktMTMxNDI5NjQx/MS5qcGVn.jpeg,
291,1641894,https://i.discogs.com/Ie-k2elUXD5-D3q4pIrn6otmoiiDW6g-8p74QgE1ToE/rs:fit/g:sm/q:90/h:586/w:600/czM6Ly9kaXNjb2dz/LWRhdGFiYXNlLWlt/YWdlcy9SLTE2NDE4/OTQtMTI4NDYyMzY4/MS5qcGVn.jpeg,
292,712553,https://i.discogs.com/qP1WGuhpD0tKZ5Mg17oWV06B7c0Z6L8ksYR-Zy-mC4c/rs:fit/g:sm/q:90/h:372/w:408/czM6Ly9kaXNjb2dz/LWRhdGFiYXNlLWlt/YWdlcy9SLTcxMjU1/My0xMjMxMDg5OTI4/LmpwZWc.jpeg,1.0
293,1759861,https://i.discogs.com/Nsq_f9nruyPHDUgmCM-E3EWCll3POMH2NLRmc8L959Y/rs:fit/g:sm/q:90/h:502/w:500/czM6Ly9kaXNjb2dz/LWRhdGFiYXNlLWlt/YWdlcy9SLTE3NTk4/NjEtMTI0MTU0NzQz/Ny5qcGVn.jpeg,
294,17586322,https://i.discogs.com/TjunAAgP4c6mP00ufz7JOx1aluGOrahXKksrwPJxjFQ/rs:fit/g:sm/q:90/h:604/w:600/czM6Ly9kaXNjb2dz/LWRhdGFiYXNlLWlt/YWdlcy9SLTE3NTg2/MzIyLTE2MTQyODg2/MDMtOTcwOS5qcGVn.jpeg,
295,1777200,https://i.discogs.com/2ZIXCBzXaK-piVco0Ld72tHHnbrjRHo21fLWqW88DOk/rs:fit/g:sm/q:90/h:591/w:598/czM6Ly9kaXNjb2dz/LWRhdGFiYXNlLWlt/YWdlcy9SLTE3Nzcy/MDAtMTI0NDI5NDYx/NC5qcGVn.jpeg,1.0
296,498669,https://i.discogs.com/7YZqJ5DjwLAr2H_xdeKQ03Iwj3BU_16VVTPtVPbaggI/rs:fit/g:sm/q:90/h:598/w:600/czM6Ly9kaXNjb2dz/LWRhdGFiYXNlLWlt/YWdlcy9SLTQ5ODY2/OS0xMjY0MTkwNjA5/LmpwZWc.jpeg,1.0
297,443977,https://i.discogs.com/vx8Vc9IieFoZuE2LvniB5lFqeQ7c26R3zxRuaG_52wo/rs:fit/g:sm/q:90/h:590/w:600/czM6Ly9kaXNjb2dz/LWRhdGFiYXNlLWlt/YWdlcy9SLTQ0Mzk3/Ny0xMjY0MTkyNTk5/LmpwZWc.jpeg,1.0
298,535757,https://i.discogs.com/AcQ9w0Qa7NF2KNqx84_k4ITkknbhf4H42OaAzrvBaUQ/rs:fit/g:sm/q:90/h:600/w:600/czM6Ly9kaXNjb2dz/LWRhdGFiYXNlLWlt/YWdlcy9SLTUzNTc1/Ny0xMjk1NzIwOTE2/LmpwZWc.jpeg,1.0
299,818145,https://i.discogs.com/TaAASNtDspQ2WPmKSrxdXS7_eVj5Hw0cKv6Wef-pX8s/rs:fit/g:sm/q:90/h:566/w:600/czM6Ly9kaXNjb2dz/LWRhdGFiYXNlLWlt/YWdlcy9SLTgxODE0/NS0xNTEyMzU0OTU1/LTQyNzEuanBlZw.jpeg,
300,23573885,https://i.discogs.com/n3HjjlNdmVWhUcQNsfFtsy8Kue9itU0VvGKCNrlRIoc/rs:fit/g:sm/q:90/h:375/w:375/czM6Ly9kaXNjb2dz/LWRhdGFiYXNlLWlt/YWdlcy9SLTIzNTcz/ODg1LTE2NTUyMjQ2/MTAtOTg1Mi5qcGVn.jpeg,
301,20710012,https://i.discogs.com/kF0zfF3vIDgOkvUBaaVzA1ikG4M9DBFylY5FpWCJffA/rs:fit/g:sm/q:90/h:450/w:600/czM6Ly9kaXNjb2dz/LWRhdGFiYXNlLWlt/YWdlcy9SLTIwNzEw/MDEyLTE2MzUwNjg5/NjktOTM0Ny5qcGVn.jpeg,
302,14289346,https://i.discogs.com/8FWtX-0GDL8Nm1_0Q6QW0XxZoWGQ2baURFJJGA4xJXg/rs:fit/g:sm/q:90/h:600/w:600/czM6Ly9kaXNjb2dz/LWRhdGFiYXNlLWlt/YWdlcy9SLTE0Mjg5/MzQ2LTE1NzI0NTg2/MDgtMjEzOC5qcGVn.jpeg,25.0
303,7404435,https://i.discogs.com/nFqiDO-oLpLfTRsU2vijvQhQh-LkyNLXSm973Jjx-Mg/rs:fit/g:sm/q:90/h:420/w:420/czM6Ly9kaXNjb2dz/LWRhdGFiYXNlLWlt/YWdlcy9SLTc0MDQ0/MzUtMTQ0MDc4NzA5/Mi0yOTU2LmpwZWc.jpeg,
304,14340943,https://i.discogs.com/89aPv-BuBne2D97xJxLVhLeiOkN_FXq5U1onjYHRTiA/rs:fit/g:sm/q:90/h:600/w:600/czM6Ly9kaXNjb2dz/LWRhdGFiYXNlLWlt/YWdlcy9SLTE0MzQw/OTQzLTE1NzM2NzYx/MzctOTQ4MS5qcGVn.jpeg,20.99
305,11425393,https://i.discogs.com/pjBp42KPVoyhwdj1IpnvGKB7DChbtF3urN0dm1b6Y6o/rs:fit/g:sm/q:90/h:600/w:600/czM6Ly9kaXNjb2dz/LWRhdGFiYXNlLWlt/YWdlcy9SLTExNDI1/MzkzLTE2MzAwMDA0/NTItNjkyOS5qcGVn.jpeg,20.0
306,3150416,https://i.discogs.com/XhkcJIRNVS_R97d4iyTDjpA7jyLPs57M4wZvoKB1W-o/rs:fit/g:sm/q:90/h:600/w:590/czM6Ly9kaXNjb2dz/LWRhdGFiYXNlLWlt/YWdlcy9SLTMxNTA0/MTYtMTQwMDQzOTU0/Mi0zNTk3LmpwZWc.jpeg,10.0
307,587594,https://i.discogs.com/_T5N_jmu7qTVWcxfaDIjrPz9ACeI0pvWGuCL2mhD2BM/rs:fit/g:sm/q:90/h:531/w:600/czM6Ly9kaXNjb2dz/LWRhdGFiYXNlLWlt/YWdlcy9SLTU4NzU5/NC0xMjg5MzkzNzky/LmpwZWc.jpeg,5.0
308,212603,https://i.discogs.com/BdSWu0utO6cNGmN0FkbgjjEaYVu6lQF2C2MsuqOOj4A/rs:fit/g:sm/q:90/h:595/w:600/czM6Ly9kaXNjb2dz/LWRhdGFiYXNlLWlt/YWdlcy9SLTIxMjYw/My0xMzI3NDk3Nzgw/LmpwZWc.jpeg,1.0
309,10415433,https://i.discogs.com/WrUEg0oBFNks0awyhwk5bNAe-CPp47oFepjE8KJekqA/rs:fit/g:sm/q:90/h:600/w:600/czM6Ly9kaXNjb2dz/LWRhdGFiYXNlLWlt/YWdlcy9SLTEwNDE1/NDMzLTE0OTY5Njkw/NjktNTk4My5qcGVn.jpeg,
310,5008649,https://i.discogs.com/P6phrjG4codp8ePKKWijTLdBP_AvZta-2lUJFKFKj7A/rs:fit/g:sm/q:90/h:595/w:600/czM6Ly9kaXNjb2dz/LWRhdGFiYXNlLWlt/YWdlcy9SLTUwMDg2/NDktMTM4MjAwOTg4/Ni0zMzEyLmpwZWc.jpeg,
311,6272946,https://i.discogs.com/fpMBJdM_jKNiIhz0R-IBFBpgztXl85i8kgmClPGx0FM/rs:fit/g:sm/q:90/h:575/w:575/czM6Ly9kaXNjb2dz/LWRhdGFiYXNlLWlt/YWdlcy9SLTYyNzI5/NDYtMTQzMjA4MjAy/NC0zNzY3LmpwZWc.jpeg,
312,1013535,https://i.discogs.com/lMYrr6V4tmXWFcQw_S5ddL6Ai_6T730WFIZhwXNOc74/rs:fit/g:sm/q:90/h:599/w:600/czM6Ly9kaXNjb2dz/LWRhdGFiYXNlLWlt/YWdlcy9SLTEwMTM1/MzUtMTM1NzUwMjcw/Mi01MzUzLmpwZWc.jpeg,
313,21975976,https://i.discogs.com/4TJ74SFp0O_yRhvILQJcoWqF1BldrZm0m8WALMQBjSk/rs:fit/g:sm/q:90/h:800/w:600/czM6Ly9kaXNjb2dz/LWRhdGFiYXNlLWlt/YWdlcy9SLTIxOTc1/OTc2LTE2NDM2OTEy/MzktMTE4Ni5qcGVn.jpeg,
314,14877557,https://i.discogs.com/E7Eh6NDbzuNV7V_vu4FvcgUHwwXqtnGh3HnEO2C7lEc/rs:fit/g:sm/q:90/h:613/w:600/czM6Ly9kaXNjb2dz/LWRhdGFiYXNlLWlt/YWdlcy9SLTE0ODc3/NTU3LTE1ODMzMTI1/MjctNjM3Ni5qcGVn.jpeg,12.0
315,13924183,https://i.discogs.com/Um6TTuHpvma5pJKe8tBYXWwCeO_sgaQqQEv3VAdaGbU/rs:fit/g:sm/q:90/h:600/w:600/czM6Ly9kaXNjb2dz/LWRhdGFiYXNlLWlt/YWdlcy9SLTEzOTI0/MTgzLTE1NjQxNzAw/NTQtODE1Ny5qcGVn.jpeg,18.99
316,17208832,https://i.discogs.com/QRgtLF5zc3ImU7BojZliSAuAyuJRDo8QNVxq0WREWa4/rs:fit/g:sm/q:90/h:600/w:600/czM6Ly9kaXNjb2dz/LWRhdGFiYXNlLWlt/YWdlcy9SLTE3MjA4/ODMyLTE2MTI5NTE2/NTUtNTE0NC5qcGVn.jpeg,10.0
317,13941074,https://i.discogs.com/MqazlSdL0PNhYYak7CnM6saI6EI5Q-smCaQ7JCPAkOU/rs:fit/g:sm/q:90/h:600/w:600/czM6Ly9kaXNjb2dz/LWRhdGFiYXNlLWlt/YWdlcy9SLTEzOTQx/MDc0LTE2NTk0MzY5/NjQtMTc1Ny5qcGVn.jpeg,
318,1545258,https://i.discogs.com/GQi_pQZ4TVqUFn2VMgUKSmO-p_nfEQI5zyxAE0hOxmQ/rs:fit/g:sm/q:90/h:600/w:600/czM6Ly9kaXNjb2dz/LWRhdGFiYXNlLWlt/YWdlcy9SLTE1NDUy/NTgtMTQwMTgxMjI4/MS00OTk3LmpwZWc.jpeg,
319,1389774,https://i.discogs.com/1k_2XeVXZVBgWVOZCtGH_7heJ_U7TVGR_5DEfnNuSuU/rs:fit/g:sm/q:90/h:600/w:600/czM6Ly9kaXNjb2dz/LWRhdGFiYXNlLWlt/YWdlcy9SLTEzODk3/NzQtMTY1MTA2NTc3/MS02Mzc2LmpwZWc.jpeg,
320,3440155,https://i.discogs.com/Q1W5sWcI98VgpC8lkB6vTlZhGClJe-QI9glBeeyzEzY/rs:fit/g:sm/q:90/h:350/w:350/czM6Ly9kaXNjb2dz/LWRhdGFiYXNlLWlt/YWdlcy9SLTM0NDAx/NTUtMTMzMDQ1NzE1/OS5qcGVn.jpeg,
321,10603020,https://i.discogs.com/G6mIRNJfZrSrJthd3JP2CfVnNFSmZh9-9f9uxKkE8bU/rs:fit/g:sm/q:90/h:600/w:600/czM6Ly9kaXNjb2dz/LWRhdGFiYXNlLWlt/YWdlcy9SLTEwNjAz/MDIwLTE1MDMwOTYz/ODctMzYxMi5qcGVn.jpeg,
322,12444340,https://i.discogs.com/2mVbTL5mqJL4Y4FRGuyCMnYMSE8-gu6jduBsLn5C9nk/rs:fit/g:sm/q:90/h:600/w:600/czM6Ly9kaXNjb2dz/LWRhdGFiYXNlLWlt/YWdlcy9SLTEyNDQ0/MzQwLTE1MzU0Nzgw/NDMtMjEyOC5qcGVn.jpeg,
323,2595858,https://i.discogs.com/umY5ipCDWkLukB8zHQT5J0xTAetcRlfiedNelkSujW8/rs:fit/g:sm/q:90/h:496/w:500/czM6Ly9kaXNjb2dz/LWRhdGFiYXNlLWlt/YWdlcy9SLTI1OTU4/NTgtMTI5MjQ0NjYx/Ny5qcGVn.jpeg,
324,20545966,https://i.discogs.com/Iy1bAHRzs3_k4LG8xWuFWUoBPNjsMcyxHIfKIcL_Q48/rs:fit/g:sm/q:90/h:544/w:600/czM6Ly9kaXNjb2dz/LWRhdGFiYXNlLWlt/YWdlcy9SLTIwNTQ1/OTY2LTE2MzM5MDMx/NzYtMzU5NS5qcGVn.jpeg,
325,25532905,https://i.discogs.com/ohbunuZKEehQHA2M9GHVkJ5LKgaY5Cx9n97jG8vIagY/rs:fit/g:sm/q:90/h:600/w:600/czM6Ly9kaXNjb2dz/LWRhdGFiYXNlLWlt/YWdlcy9SLTI1NTMy/OTA1LTE2NzQ5MzE2/OTktMjQ0NS5qcGVn.jpeg,
326,8346774,https://i.discogs.com/0ELaW5OyUAZ4a79Bvv1yo65L4h6jNxBiXNgDNrW9uU0/rs:fit/g:sm/q:90/h:600/w:600/czM6Ly9kaXNjb2dz/LWRhdGFiYXNlLWlt/YWdlcy9SLTgzNDY3/NzQtMTQ2MTE5NDUz/Ny05NDYyLmpwZWc.jpeg,20.68
327,10796623,https://i.discogs.com/jG6bpsmnlarNY84l_sXGe9fHcfHOGDsOjmdLWGmFXd8/rs:fit/g:sm/q:90/h:542/w:600/czM6Ly9kaXNjb2dz/LWRhdGFiYXNlLWlt/YWdlcy9SLTEwNzk2/NjIzLTE1MTE2ODI5/MDEtODMxNS5qcGVn.jpeg,1.0
328,4053248,https://i.discogs.com/8DSvJGdBp2jwwRp76Df3piMpxiPoWW5-yeH_WA8MFuU/rs:fit/g:sm/q:90/h:602/w:600/czM6Ly9kaXNjb2dz/LWRhdGFiYXNlLWlt/YWdlcy9SLTQwNTMy/NDgtMTM1ODA5MTE5/OC04ODYyLmpwZWc.jpeg,2.0
329,13122771,https://i.discogs.com/U4dw4VTYtg0UbXZwqemQCR2qK-FteOZtXCNNlulBrbY/rs:fit/g:sm/q:90/h:425/w:600/czM6Ly9kaXNjb2dz/LWRhdGFiYXNlLWlt/YWdlcy9SLTEzMTIy/NzcxLTE1NDg0NTIw/OTYtNjUxNS5qcGVn.jpeg,16.8
330,10437981,https://i.discogs.com/6mHMPrNr5uMbN41V4IfiJpaxu3gQHdbNGvXOfIhuBQs/rs:fit/g:sm/q:90/h:581/w:600/czM6Ly9kaXNjb2dz/LWRhdGFiYXNlLWlt/YWdlcy9SLTEwNDM3/OTgxLTE1MjI0NzMw/MDMtNjUxNC5qcGVn.jpeg,10.0
331,10440687,https://i.discogs.com/JC1iZhUOoicdODWJEC18wsNj9JdA2gTI_7qBt8lc_wc/rs:fit/g:sm/q:90/h:600/w:600/czM6Ly9kaXNjb2dz/LWRhdGFiYXNlLWlt/YWdlcy9SLTEwNDQw/Njg3LTE0OTc0ODM4/MzAtNTA4Ni5qcGVn.jpeg,12.0
332,11520085,https://i.discogs.com/as6AzwZZaAW2TjN6V_LYw7rBVYXA-YPkYlTjOFaAOYA/rs:fit/g:sm/q:90/h:600/w:600/czM6Ly9kaXNjb2dz/LWRhdGFiYXNlLWlt/YWdlcy9SLTExNTIw/MDg1LTE1MTc3ODE4/MDQtMzg1Mi5qcGVn.jpeg,14.25
333,2258571,https://i.discogs.com/eAL257EEcJzjdCaH5ozr5Ay0ypIgV08-vpMHgCPzDEE/rs:fit/g:sm/q:90/h:295/w:300/czM6Ly9kaXNjb2dz/LWRhdGFiYXNlLWlt/YWdlcy9SLTIyNTg1/NzEtMTI3MjgxNzA3/NC5qcGVn.jpeg,15.0
334,26391680,https://i.discogs.com/9IHRMa7SOe0YD2ate_Eh7MIGI0auwft7iJi02umE-ME/rs:fit/g:sm/q:90/h:358/w:600/czM6Ly9kaXNjb2dz/LWRhdGFiYXNlLWlt/YWdlcy9SLTI2Mzkx/NjgwLTE2Nzg2MTQw/NTEtNTg4MS5qcGVn.jpeg,
335,28312009,https://i.discogs.com/eBtEBKXNnX4NffqpFhGzlKBUqyaybhWR6SwwqL1wZ4c/rs:fit/g:sm/q:90/h:610/w:600/czM6Ly9kaXNjb2dz/LWRhdGFiYXNlLWlt/YWdlcy9SLTI4MzEy/MDA5LTE2OTU5MTgx/MTctMzk4NS5qcGVn.jpeg,
336,28311985,https://i.discogs.com/2i7tR2FmWfHhaWbIZ-DUODeE47L3T5bR___-nK23Rgw/rs:fit/g:sm/q:90/h:600/w:600/czM6Ly9kaXNjb2dz/LWRhdGFiYXNlLWlt/YWdlcy9SLTI4MzEx/OTg1LTE2OTU5MTgw/MzMtNTk2OC5qcGVn.jpeg,
337,21633829,https://i.discogs.com/bkWQJCMBGCeALeRqGOWOPYb5Je3UrBJLjXeLjalAsdE/rs:fit/g:sm/q:90/h:600/w:600/czM6Ly9kaXNjb2dz/LWRhdGFiYXNlLWlt/YWdlcy9SLTIxNjMz/ODI5LTE2NDE1MTg5/ODEtNDM2OC5qcGVn.jpeg,
338,26392016,https://i.discogs.com/WSZ4GAEF-r4yCMZMK03HzItsdot62zXS7o0l8R5TmLw/rs:fit/g:sm/q:90/h:372/w:600/czM6Ly9kaXNjb2dz/LWRhdGFiYXNlLWlt/YWdlcy9SLTI2Mzky/MDE2LTE2Nzg2MTU3/NjYtMTQyNS5qcGVn.jpeg,
339,3430674,https://i.discogs.com/3aBmbG22fKbxoQR4nHLqTyn9Uep4JA_O9lyqqRQLdKE/rs:fit/g:sm/q:90/h:591/w:600/czM6Ly9kaXNjb2dz/LWRhdGFiYXNlLWlt/YWdlcy9SLTM0MzA2/NzQtMTQzMDYwMjUy/OS0zNzExLmpwZWc.jpeg,22.56
340,25556893,https://i.discogs.com/UbCogYZ6x5q35ede2_KbaY9yiNVwXWvEeSJ0WiEp9Jc/rs:fit/g:sm/q:90/h:585/w:600/czM6Ly9kaXNjb2dz/LWRhdGFiYXNlLWlt/YWdlcy9SLTI1NTU2/ODkzLTE2NzE4OTI0/MTctNzM5OS5qcGVn.jpeg,
341,1492364,https://i.discogs.com/v5E2xJIfactvjqFBUm4Dumvwp9zWIkXt-HFdnNbyKa8/rs:fit/g:sm/q:90/h:594/w:600/czM6Ly9kaXNjb2dz/LWRhdGFiYXNlLWlt/YWdlcy9SLTE0OTIz/NjQtMTUxNDk5MTg5/OC05ODIwLmpwZWc.jpeg,10.0
342,24544043,https://i.discogs.com/IqmCmIWG4_0UQBcmkoO8a-z03XJ6Bti60fp81dV7fmY/rs:fit/g:sm/q:90/h:942/w:600/czM6Ly9kaXNjb2dz/LWRhdGFiYXNlLWlt/YWdlcy9SLTI0NTQ0/MDQzLTE2NjY4NjUw/NzEtMzIxMi5qcGVn.jpeg,8.0
343,22754024,https://i.discogs.com/Hdf7JqLxS5JKQMYE2lQ7nQRAVrrWTRKEN6sq0yyvX9k/rs:fit/g:sm/q:90/h:797/w:600/czM6Ly9kaXNjb2dz/LWRhdGFiYXNlLWlt/YWdlcy9SLTIyNzU0/MDI0LTE2NTA4OTQ4/ODQtMTAxNS5qcGVn.jpeg,
344,15953460,https://i.discogs.com/5u5bp44yfupj6v5shE8bPvbD8xNdaDC85p0gew0-m6A/rs:fit/g:sm/q:90/h:590/w:600/czM6Ly9kaXNjb2dz/LWRhdGFiYXNlLWlt/YWdlcy9SLTE1OTUz/NDYwLTE2MDgwNDg0/OTktNTYzOS5qcGVn.jpeg,21.0
345,9680883,https://i.discogs.com/oeLaxrjm2wjAeXSo-pPQ2a_Y08PpcQ6Q6UpazlIh0TI/rs:fit/g:sm/q:90/h:600/w:600/czM6Ly9kaXNjb2dz/LWRhdGFiYXNlLWlt/YWdlcy9SLTk2ODA4/ODMtMTQ4NDY2Njc0/MC02NzQxLmpwZWc.jpeg,7.0
346,14006026,https://i.discogs.com/xXpFIDOds0fAz5nVVCunPNfNu3fqheLA4V4wt3Vf9h0/rs:fit/g:sm/q:90/h:600/w:600/czM6Ly9kaXNjb2dz/LWRhdGFiYXNlLWlt/YWdlcy9SLTE0MDA2/MDI2LTE1NjcxMTE2/OTUtOTkxMS5qcGVn.jpeg,
347,18523288,https://i.discogs.com/9PUbYHiUiAxS6rPH6k1ZiopFbkRcJ-vu5Utli3zxwKM/rs:fit/g:sm/q:90/h:600/w:600/czM6Ly9kaXNjb2dz/LWRhdGFiYXNlLWlt/YWdlcy9SLTE4NTIz/Mjg4LTE2MjAzODM0/MDQtNTQ5MC5qcGVn.jpeg,
348,21975916,https://i.discogs.com/_BxFbcyRRlWGrtex53L5rBL46HItnw3HH-ygoLjt5vU/rs:fit/g:sm/q:90/h:938/w:600/czM6Ly9kaXNjb2dz/LWRhdGFiYXNlLWlt/YWdlcy9SLTIxOTc1/OTE2LTE2NDM2OTAx/MzUtNTE3MC5qcGVn.jpeg,
349,23544677,https://i.discogs.com/KUEkOhiEkm4IFMTYL3Z6wgbmnqKH4k-YOgR6ujPeAl4/rs:fit/g:sm/q:90/h:600/w:600/czM6Ly9kaXNjb2dz/LWRhdGFiYXNlLWlt/YWdlcy9SLTIzNTQ0/Njc3LTE2Nzc3MDcz/NzktMzIwMy5qcGVn.jpeg,
350,18770971,https://i.discogs.com/-LuQJgvsgZhn10ap_otORqCL-XRPEzSKXlnrf2EoQ2Y/rs:fit/g:sm/q:90/h:600/w:600/czM6Ly9kaXNjb2dz/LWRhdGFiYXNlLWlt/YWdlcy9SLTE4Nzcw/OTcxLTE2MjEyODU3/OTItODE5OC5qcGVn.jpeg,10.08
351,7888580,https://i.discogs.com/DoxpsZj_lqSdWyztfm_gm4Rt1-MzQo_I4wjPPAXZtxw/rs:fit/g:sm/q:90/h:600/w:600/czM6Ly9kaXNjb2dz/LWRhdGFiYXNlLWlt/YWdlcy9SLTc4ODg1/ODAtMTQ1MDk3Nzky/NS05MDc1LmpwZWc.jpeg,
352,15029200,https://i.discogs.com/Lx7TkvldoQChw18zpT318wwtqnYEZkINMlM5MeU7p8A/rs:fit/g:sm/q:90/h:605/w:600/czM6Ly9kaXNjb2dz/LWRhdGFiYXNlLWlt/YWdlcy9SLTE1MDI5/MjAwLTE1ODcyNDk5/NzEtMTIwMy5qcGVn.jpeg,12.58
353,20894578,https://i.discogs.com/MBLujQ2CrFt-vAucu0YyVz_eTR6p2l9d5EDQKzt8GqE/rs:fit/g:sm/q:90/h:600/w:600/czM6Ly9kaXNjb2dz/LWRhdGFiYXNlLWlt/YWdlcy9SLTIwODk0/NTc4LTE2MzYzNDMw/NzYtNTU4OC5qcGVn.jpeg,12.0
354,20894509,https://i.discogs.com/GesTDqVV6k2rkyX4GMo1QTbI6J_9b2jKhpWmVA-BN18/rs:fit/g:sm/q:90/h:600/w:600/czM6Ly9kaXNjb2dz/LWRhdGFiYXNlLWlt/YWdlcy9SLTIwODk0/NTA5LTE2MzYzNDIz/NDMtMjE5Ny5qcGVn.jpeg,12.0
355,11741812,https://i.discogs.com/dDLZMlvxLjC_Bk-xhEYP0nqyfC5EYscaFOthMxd5j-Q/rs:fit/g:sm/q:90/h:600/w:600/czM6Ly9kaXNjb2dz/LWRhdGFiYXNlLWlt/YWdlcy9SLTExNzQx/ODEyLTE1MjE1OTEz/NzktMzczMy5qcGVn.jpeg,12.0
356,23407892,https://i.discogs.com/qPWGeu5Pb6sJ3GRl5QV_E2eNyzLlUE4P8DKQhAovkEE/rs:fit/g:sm/q:90/h:534/w:600/czM6Ly9kaXNjb2dz/LWRhdGFiYXNlLWlt/YWdlcy9SLTIzNDA3/ODkyLTE2NTM5MTY5/ODktMTU0My5qcGVn.jpeg,
357,27497889,https://i.discogs.com/YJ4AuUSQ8KgKPUFyHS-tDgDx0srPSs5N7gWC0QFc7VM/rs:fit/g:sm/q:90/h:593/w:600/czM6Ly9kaXNjb2dz/LWRhdGFiYXNlLWlt/YWdlcy9SLTI3NDk3/ODg5LTE2ODgyNDIy/MDktOTQxOC5qcGVn.jpeg,
358,18207301,https://i.discogs.com/TgnrAS3EOQuFoq-PhwDIgyBwOJHzgxpxG8K-5FlIZ28/rs:fit/g:sm/q:90/h:594/w:600/czM6Ly9kaXNjb2dz/LWRhdGFiYXNlLWlt/YWdlcy9SLTE4MjA3/MzAxLTE2MTc4OTc2/NTItMTExOC5wbmc.jpeg,16.21
359,22728986,https://i.discogs.com/3n2tjFfzMABiaXrnMd_skQX6RKflezIUhIcEN7zsb5s/rs:fit/g:sm/q:90/h:600/w:600/czM6Ly9kaXNjb2dz/LWRhdGFiYXNlLWlt/YWdlcy9SLTIyNzI4/OTg2LTE2NDg4NDk3/MzAtNzUxNS5qcGVn.jpeg,
360,24586712,https://i.discogs.com/celP6n3K3WaRyKTp8ulrM6Lse_4islXDd4COMxklpmg/rs:fit/g:sm/q:90/h:853/w:600/czM6Ly9kaXNjb2dz/LWRhdGFiYXNlLWlt/YWdlcy9SLTI0NTg2/NzEyLTE2NjM3Nzc2/NzgtOTk3MS5qcGVn.jpeg,10.0
361,12678132,https://i.discogs.com/O6gUcNpiWWUJcpiSDlNKwv28wExQNtuRcGXCyxRFedY/rs:fit/g:sm/q:90/h:516/w:600/czM6Ly9kaXNjb2dz/LWRhdGFiYXNlLWlt/YWdlcy9SLTEyNjc4/MTMyLTE1NTg1NzIw/NTYtMzA0Mi5qcGVn.jpeg,30.0
362,20153167,https://i.discogs.com/FEck7HyKrJkzEY3Uzw6tc-Mx-6_Fii_ve7lzoPVozaU/rs:fit/g:sm/q:90/h:603/w:600/czM6Ly9kaXNjb2dz/LWRhdGFiYXNlLWlt/YWdlcy9SLTIwMTUz/MTY3LTE2MzEwNTQ4/MDEtNjQzOC5qcGVn.jpeg,29.99
363,8658419,https://i.discogs.com/e0AhqaVdOR-UeHckZbjXw8BRaTmKXHcGDyWEQOPTVP0/rs:fit/g:sm/q:90/h:612/w:600/czM6Ly9kaXNjb2dz/LWRhdGFiYXNlLWlt/YWdlcy9SLTg2NTg0/MTktMTY5MzI2NjA4/OS0zNTA0LmpwZWc.jpeg,15.0
364,28105918,https://i.discogs.com/Ktv5mbv5hAuPcwAWNHHRn8c-0sQiARuZ_q-VV7nu1Qk/rs:fit/g:sm/q:90/h:450/w:600/czM6Ly9kaXNjb2dz/LWRhdGFiYXNlLWlt/YWdlcy9SLTI4MTA1/OTE4LTE2OTMyNTcx/NzItODUyOS5qcGVn.jpeg,
365,26068357,https://i.discogs.com/huyF2TfmhXZcXl_hf7AcvAwuuG_n_VpqMhwef09WeoA/rs:fit/g:sm/q:90/h:1011/w:600/czM6Ly9kaXNjb2dz/LWRhdGFiYXNlLWlt/YWdlcy9SLTI2MDY4/MzU3LTE2NzYxMzk1/OTYtMzMwNC5qcGVn.jpeg,
366,8398440,https://i.discogs.com/yNRGCg-sylUNY2VuTmwJA24ZfLWBTBMYTbcnfd_1s3Y/rs:fit/g:sm/q:90/h:600/w:600/czM6Ly9kaXNjb2dz/LWRhdGFiYXNlLWlt/YWdlcy9SLTgzOTg0/NDAtMTYyMDY2Njkz/MS04NDMxLmpwZWc.jpeg,15.0
367,20429014,https://i.discogs.com/Ys7uKjsAzhxwpNQr8kkCDRle-QB1tCTsC5AgoYZIZbo/rs:fit/g:sm/q:90/h:688/w:454/czM6Ly9kaXNjb2dz/LWRhdGFiYXNlLWlt/YWdlcy9SLTIwNDI5/MDE0LTE2ODk0Mjk1/MjYtMTIzMS5qcGVn.jpeg,
368,27415026,https://i.discogs.com/DBv0Q1QYbuqrnhOFs78A7ySBEN6rxIBFISxwGNi44xI/rs:fit/g:sm/q:90/h:716/w:542/czM6Ly9kaXNjb2dz/LWRhdGFiYXNlLWlt/YWdlcy9SLTI3NDE1/MDI2LTE2ODk0Mjkz/MDYtMTY0OS5qcGVn.jpeg,
369,23682629,https://i.discogs.com/oKsekYwUKrvQlhWGbuB-cy_8EN8vn5937cPA1zvoJ50/rs:fit/g:sm/q:90/h:871/w:600/czM6Ly9kaXNjb2dz/LWRhdGFiYXNlLWlt/YWdlcy9SLTIzNjgy/NjI5LTE2NTY2MDk2/MDktMjExNi5qcGVn.jpeg,
370,18671773,https://i.discogs.com/D2MiWvu76uv0u7e8Z6p-dUz_-y_6G4ur3m_fHhoz6ms/rs:fit/g:sm/q:90/h:600/w:600/czM6Ly9kaXNjb2dz/LWRhdGFiYXNlLWlt/YWdlcy9SLTE4Njcx/NzczLTE2MjA2Njgw/MDctMTMyNi5qcGVn.jpeg,20.0
